startupName,pricingModel,source.name,source.url,collectedAt
Plivo,ENTERPRISE,YC OSS Startup Directory (product surface),https://plivo.com/,2026-09-04T10:29:00.674669
Tempo,PAID,YC OSS Startup Directory (product surface),https://tempo.fit/,2026-09-04T10:29:00.829917
Casetext,ENTERPRISE,YC OSS Startup Directory (product surface),http://casetext.com/,2026-09-04T10:29:01.345019
Deepgram,ENTERPRISE,YC OSS Startup Directory (product surface),https://www.deepgram.com/,2026-09-04T10:29:02.405803
Checkr,ENTERPRISE,YC OSS Startup Directory (product surface),http://www.checkr.com/,2026-09-04T10:29:02.688790
Caper,ENTERPRISE,YC OSS Startup Directory (product surface),https://www.caper.ai/,2026-09-04T10:29:02.793999
Sendbird,ENTERPRISE,YC OSS Startup Directory (product surface),https://sendbird.com/,2026-09-04T10:29:02.961582
Tule,ENTERPRISE,YC OSS Startup Directory (product surface),http://tuletechnologies.com/,2026-09-04T10:29:03.141321
OneChronos,ENTERPRISE,YC OSS Startup Directory (product surface),https://www.onechronos.com/,2026-09-04T10:29:03.450648
Podium,ENTERPRISE,YC OSS Startup Directory (product surface),https://podium.com/,2026-09-04T10:29:03.592410
Paperspace,ENTERPRISE,YC OSS Startup Directory (product surface),https://www.paperspace.com/pricing,2026-09-04T10:29:03.666858
Scale AI,ENTERPRISE,YC OSS Startup Directory (product surface),http://scale.com/,2026-09-04T10:29:04.252431
Voiceops,ENTERPRISE,YC OSS Startup Directory (product surface),https://voiceops.com/,2026-09-04T10:29:04.733748
ROSS Intelligence,PAID,YC OSS Startup Directory (product surface),https://www.rossintelligence.com/pricing.html,2026-09-04T10:29:05.222812
People.ai,ENTERPRISE,YC OSS Startup Directory (product surface),https://people.ai/,2026-09-04T10:29:06.051684
Bountiful,PAID,YC OSS Startup Directory (product surface),https://bountiful.ag/,2026-09-04T10:29:06.054680
NanoNets,FREEMIUM,YC OSS Startup Directory (product surface),https://nanonets.com/,2026-09-04T10:29:06.055876
Superside,ENTERPRISE,YC OSS Startup Directory (product surface),http://www.superside.com/,2026-09-04T10:29:06.362820
Daily,FREEMIUM,YC OSS Startup Directory (product surface),https://daily.co/pricing/video-sdk/,2026-09-04T10:29:06.367339
"Veryfi, Inc.",FREE,YC OSS Startup Directory (product surface),https://www.veryfi.com/,2026-09-04T10:29:06.668807
Flock Safety,ENTERPRISE,YC OSS Startup Directory (product surface),http://www.flocksafety.com/,2026-09-04T10:29:06.902264
Skyways,ENTERPRISE,YC OSS Startup Directory (product surface),http://skyways.com/,2026-09-04T10:29:07.077615
AssemblyAI,ENTERPRISE,YC OSS Startup Directory (product surface),https://www.assemblyai.com/,2026-09-04T10:29:07.832849
D-ID,FREEMIUM,YC OSS Startup Directory (product surface),http://www.d-id.com/,2026-09-04T10:29:07.838846
OpenCurriculum,FREEMIUM,YC OSS Startup Directory (product surface),https://opencurriculum.org/,2026-09-04T10:29:07.849715
Thematic,ENTERPRISE,YC OSS Startup Directory (product surface),http://www.getthematic.com/,2026-09-04T10:29:08.236340
FollowUpThen,FREEMIUM,YC OSS Startup Directory (product surface),https://www.followupthen.com/,2026-09-04T10:29:08.281244
Fondo,ENTERPRISE,YC OSS Startup Directory (product surface),https://fondo.com/,2026-09-04T10:29:08.583171
Assembly,FREEMIUM,YC OSS Startup Directory (product surface),https://www.assembly.com/,2026-09-04T10:29:09.190188
Jasper,FREE,YC OSS Startup Directory (product surface),https://jasper.ai/,2026-09-04T10:29:09.207905
10 By 10,FREE,YC OSS Startup Directory (product surface),https://10by10.io/,2026-09-04T10:29:09.332368
Promise,ENTERPRISE,YC OSS Startup Directory (product surface),http://promise-pay.com/,2026-09-04T10:29:09.495982
Orangewood Labs,ENTERPRISE,YC OSS Startup Directory (product surface),http://www.orangewood.co/,2026-09-04T10:29:09.611212
Within,ENTERPRISE,YC OSS Startup Directory (product surface),http://within.ai/,2026-09-04T10:29:10.420447
Anima App,FREE,YC OSS Startup Directory (product surface),https://www.animaapp.com/,2026-09-04T10:29:10.619247
Activeloop,ENTERPRISE,YC OSS Startup Directory (product surface),https://activeloop.ai/,2026-09-04T10:29:10.630531
Inscribe,ENTERPRISE,YC OSS Startup Directory (product surface),https://www.inscribe.ai/,2026-09-04T10:29:10.652270
Swayable,ENTERPRISE,YC OSS Startup Directory (product surface),http://swayable.com/,2026-09-04T10:29:11.074332
Quickchat AI,FREEMIUM,YC OSS Startup Directory (product surface),https://quickchat.ai/,2026-09-04T10:29:11.358268
SPATE,ENTERPRISE,YC OSS Startup Directory (product surface),https://www.spate.nyc/,2026-09-04T10:29:11.729633
Leena AI,ENTERPRISE,YC OSS Startup Directory (product surface),https://www.leena.ai/,2026-09-04T10:29:11.729633
Centaur,ENTERPRISE,YC OSS Startup Directory (product surface),https://centaur.ai/,2026-09-04T10:29:12.024416
Overview,ENTERPRISE,YC OSS Startup Directory (product surface),https://overview.ai/,2026-09-04T10:29:12.592669
Lyrebird,ENTERPRISE,YC OSS Startup Directory (product surface),https://lyrebird.ai/,2026-09-04T10:29:12.596670
Naborly,PAID,YC OSS Startup Directory (product surface),https://naborly.com/,2026-09-04T10:29:12.593669
Community Phone Company,ENTERPRISE,YC OSS Startup Directory (product surface),https://www.communityphone.org/,2026-09-04T10:29:12.590672
Glide,ENTERPRISE,YC OSS Startup Directory (product surface),https://www.glideapps.com/,2026-09-04T10:29:13.633765
AI Insurance,ENTERPRISE,YC OSS Startup Directory (product surface),https://www.aiinsurance.io/,2026-09-04T10:29:13.892313
TENDERD,ENTERPRISE,YC OSS Startup Directory (product surface),https://www.tenderd.com/,2026-09-04T10:29:14.004334
Sapling.ai,FREEMIUM,YC OSS Startup Directory (product surface),https://sapling.ai/pricing,2026-09-04T10:29:14.972343
"OutRival, Inc.",ENTERPRISE,YC OSS Startup Directory (product surface),https://outrival.com/,2026-09-04T10:29:15.108320
Demodesk,FREEMIUM,YC OSS Startup Directory (product surface),https://demodesk.com/,2026-09-04T10:29:15.116326
Superb AI,ENTERPRISE,YC OSS Startup Directory (product surface),https://www.superb-ai.com/en/pricing,2026-09-04T10:29:15.891923
Embrace,FREEMIUM,YC OSS Startup Directory (product surface),https://embrace.io/pricing/,2026-09-04T10:29:16.326071
Chaos Genius,ENTERPRISE,YC OSS Startup Directory (product surface),http://www.chaosgenius.io/,2026-09-04T10:29:16.914283
Taskade,FREEMIUM,YC OSS Startup Directory (product surface),https://www.taskade.com/,2026-09-04T10:29:17.409761
Vahan,ENTERPRISE,YC OSS Startup Directory (product surface),https://vahan.ai/,2026-09-04T10:29:17.440627
Finlens,FREEMIUM,YC OSS Startup Directory (product surface),https://finlens.app/,2026-09-04T10:29:17.591598
Hightouch,FREE,YC OSS Startup Directory (product surface),https://hightouch.com/pricing,2026-09-04T10:29:17.681281
Flowglad,PAID,YC OSS Startup Directory (product surface),https://flowglad.com/,2026-09-04T10:29:18.930580
Deepnote,ENTERPRISE,YC OSS Startup Directory (product surface),https://www.deepnote.com/,2026-09-04T10:29:19.361109
Figments,PAID,YC OSS Startup Directory (product surface),https://plotdrive.com/,2026-09-04T10:29:19.362103
Aden,ENTERPRISE,YC OSS Startup Directory (product surface),https://adenhq.com/,2026-09-04T10:29:19.572747
MindsDB,FREEMIUM,YC OSS Startup Directory (product surface),https://www.mindsdb.com/,2026-09-04T10:29:19.575747
Phonic,ENTERPRISE,YC OSS Startup Directory (product surface),https://phonic.ai/,2026-09-04T10:29:19.626237
Datasaur,ENTERPRISE,YC OSS Startup Directory (product surface),https://datasaur.ai/pricing,2026-09-04T10:29:19.853082
Handoff,FREEMIUM,YC OSS Startup Directory (product surface),https://www.handoff.ai/,2026-09-04T10:29:19.867540
Basedash,FREEMIUM,YC OSS Startup Directory (product surface),https://www.basedash.com/,2026-09-04T10:29:20.177982
Taiv,FREE,YC OSS Startup Directory (product surface),https://taiv.tv/pricing,2026-09-04T10:29:20.204082
Photoroom,FREEMIUM,YC OSS Startup Directory (product surface),https://photoroom.com/,2026-09-04T10:29:21.096517
Superorder,ENTERPRISE,YC OSS Startup Directory (product surface),https://superorder.com/pricing,2026-09-04T10:29:21.202202
Typedream,FREEMIUM,YC OSS Startup Directory (product surface),https://typedream.com/pricing,2026-09-04T10:29:21.640437
Airbyte,ENTERPRISE,YC OSS Startup Directory (product surface),https://airbyte.com/,2026-09-04T10:29:21.864262
Roboflow,ENTERPRISE,YC OSS Startup Directory (product surface),https://roboflow.com/,2026-09-04T10:29:22.458731
Skypher,ENTERPRISE,YC OSS Startup Directory (product surface),https://skypher.co/,2026-09-04T10:29:22.461731
Dashworks,PAID,YC OSS Startup Directory (product surface),http://www.dashworks.ai/pricing,2026-09-04T10:29:22.852213
Recall.ai,ENTERPRISE,YC OSS Startup Directory (product surface),https://www.recall.ai/pricing,2026-09-04T10:29:23.002853
DeepSource,ENTERPRISE,YC OSS Startup Directory (product surface),https://deepsource.com/,2026-09-04T10:29:23.404131
Blue Onion,ENTERPRISE,YC OSS Startup Directory (product surface),https://www.blueonion.ai/,2026-09-04T10:29:23.533316
Draftwise,ENTERPRISE,YC OSS Startup Directory (product surface),https://www.draftwise.com/,2026-09-04T10:29:24.120325
Cohere,ENTERPRISE,YC OSS Startup Directory (product surface),https://cohere.io/,2026-09-04T10:29:24.175875
Heron Data,ENTERPRISE,YC OSS Startup Directory (product surface),https://www.herondata.io/,2026-09-04T10:29:24.353631
"Warmly,",ENTERPRISE,YC OSS Startup Directory (product surface),https://www.warmly.ai/,2026-09-04T10:29:24.418753
Datafold,ENTERPRISE,YC OSS Startup Directory (product surface),https://datafold.com/,2026-09-04T10:29:24.746893
Glimpse,ENTERPRISE,YC OSS Startup Directory (product surface),https://tryglimpse.com/,2026-09-04T10:29:25.368243
authzed,ENTERPRISE,YC OSS Startup Directory (product surface),https://authzed.com/,2026-09-04T10:29:25.796615
inFeedo AI,ENTERPRISE,YC OSS Startup Directory (product surface),https://www.infeedo.ai/pricing,2026-09-04T10:29:25.808008
Nextera Robotics | DIDGE.ai,ENTERPRISE,YC OSS Startup Directory (product surface),https://nexterarobotics.com/,2026-09-04T10:29:25.823748
RocketSDR,ENTERPRISE,YC OSS Startup Directory (product surface),https://rocketsdr.ai/,2026-09-04T10:29:25.934900
arnata,ENTERPRISE,YC OSS Startup Directory (product surface),https://arnata.com/,2026-09-04T10:29:26.121427
Avocado,ENTERPRISE,YC OSS Startup Directory (product surface),https://avocadopos.com/,2026-09-04T10:29:26.432725
BIK,ENTERPRISE,YC OSS Startup Directory (product surface),https://bik.ai/,2026-09-04T10:29:27.051916
Vapi,PAID,YC OSS Startup Directory (product surface),https://vapi.ai/pricing,2026-09-04T10:29:27.148661
Popl,ENTERPRISE,YC OSS Startup Directory (product surface),https://popl.co/,2026-09-04T10:29:27.905589
Vogent,ENTERPRISE,YC OSS Startup Directory (product surface),https://vogent.ai/,2026-09-04T10:29:27.907627
Fathom,FREEMIUM,YC OSS Startup Directory (product surface),https://www.fathom.ai/,2026-09-04T10:29:28.006058
Mindee,ENTERPRISE,YC OSS Startup Directory (product surface),https://mindee.com/pricing,2026-09-04T10:29:28.802467
Fieldguide,ENTERPRISE,YC OSS Startup Directory (product surface),http://fieldguide.com/,2026-09-04T10:29:28.805470
Fountain9,ENTERPRISE,YC OSS Startup Directory (product surface),https://www.fountain9.com/,2026-09-04T10:29:28.804467
Simplify,FREE,YC OSS Startup Directory (product surface),https://simplify.jobs/,2026-09-04T10:29:28.849568
Rinsed,PAID,YC OSS Startup Directory (product surface),https://www.rinsed.com/pricing,2026-09-04T10:29:29.204425
ZOKO,PAID,YC OSS Startup Directory (product surface),https://www.zoko.io/pricing,2026-09-04T10:29:29.283164
Humaans,ENTERPRISE,YC OSS Startup Directory (product surface),https://humaans.io/,2026-09-04T10:29:29.371040
Reclaim Protocol,FREE,YC OSS Startup Directory (product surface),https://reclaimprotocol.org/,2026-09-04T10:29:29.496688
LiveFlow,ENTERPRISE,YC OSS Startup Directory (product surface),https://www.liveflow.com/,2026-09-04T10:29:29.584318
Lamar Health,ENTERPRISE,YC OSS Startup Directory (product surface),http://www.lamarhealth.com/,2026-09-04T10:29:29.584318
Spline,PAID,YC OSS Startup Directory (product surface),http://spline.design/pricing,2026-09-04T10:29:30.004022
BusinessOnBot,ENTERPRISE,YC OSS Startup Directory (product surface),https://www.businessonbot.com/,2026-09-04T10:29:30.064285
Compose.ai,FREE,YC OSS Startup Directory (product surface),https://compose.ai/,2026-09-04T10:29:30.654648
Navattic,ENTERPRISE,YC OSS Startup Directory (product surface),https://www.navattic.com/,2026-09-04T10:29:30.764177
Rejoy Health,FREE,YC OSS Startup Directory (product surface),https://www.rejoyhealth.com/,2026-09-04T10:29:30.850022
Encord,ENTERPRISE,YC OSS Startup Directory (product surface),https://encord.com/,2026-09-04T10:29:31.153290
Ollama,FREEMIUM,YC OSS Startup Directory (product surface),https://ollama.com/,2026-09-04T10:29:31.465410
PipeBio,ENTERPRISE,YC OSS Startup Directory (product surface),https://pipebio.com/,2026-09-04T10:29:31.468422
Serif Health,ENTERPRISE,YC OSS Startup Directory (product surface),https://www.serifhealth.com/,2026-09-04T10:29:31.662973
Waydev,ENTERPRISE,YC OSS Startup Directory (product surface),https://waydev.co/,2026-09-04T10:29:31.848582
Potion,FREEMIUM,YC OSS Startup Directory (product surface),https://www.potion.ai/,2026-09-04T10:29:32.204161
Openlayer,FREE,YC OSS Startup Directory (product surface),https://openlayer.com/,2026-09-04T10:29:32.365049
Superwall,PAID,YC OSS Startup Directory (product surface),https://superwall.com/,2026-09-04T10:29:32.499481
Confido,ENTERPRISE,YC OSS Startup Directory (product surface),https://www.confidotech.com/,2026-09-04T10:29:32.515220
Affogato AI,PAID,YC OSS Startup Directory (product surface),https://affogato.ai/,2026-09-04T10:29:32.558785
Journey,FREEMIUM,YC OSS Startup Directory (product surface),http://journey.io/pricing,2026-09-04T10:29:32.680691
Anakin,FREEMIUM,YC OSS Startup Directory (product surface),https://anakin.io/,2026-09-04T10:29:33.137270
Replo,ENTERPRISE,YC OSS Startup Directory (product surface),https://replo.app/,2026-09-04T10:29:33.403035
Dailybot,FREEMIUM,YC OSS Startup Directory (product surface),https://www.dailybot.com/,2026-09-04T10:29:33.462151
SnapCalorie,FREE,YC OSS Startup Directory (product surface),https://www.snapcalorie.com/,2026-09-04T10:29:33.503139
Routine,FREEMIUM,YC OSS Startup Directory (product surface),http://routine.co/pricing,2026-09-04T10:29:33.907315
SalaryBox,FREEMIUM,YC OSS Startup Directory (product surface),https://salarybox.in/,2026-09-04T10:29:33.987852
Bite Ninja,ENTERPRISE,YC OSS Startup Directory (product surface),http://www.biteninja.com/,2026-09-04T10:29:34.600640
Verihubs,ENTERPRISE,YC OSS Startup Directory (product surface),https://verihubs.com/pricing/,2026-09-04T10:29:35.621516
Tavus,FREEMIUM,YC OSS Startup Directory (product surface),https://www.tavus.io/pricing,2026-09-04T10:29:35.620516
FirstQuadrant,PAID,YC OSS Startup Directory (product surface),https://firstquadrant.ai/pricing,2026-09-04T10:29:35.623515
MindFi,FREE,YC OSS Startup Directory (product surface),https://www.mindfi.co/,2026-09-04T10:29:36.844393
Tiriel AI,PAID,YC OSS Startup Directory (product surface),https://tiriel.ai/,2026-09-04T10:29:37.021647
Kaya,FREE,YC OSS Startup Directory (product surface),https://www.usekaya.com/,2026-09-04T10:29:37.503311
WarpBuild,PAID,YC OSS Startup Directory (product surface),https://www.warpbuild.com/pricing,2026-09-04T10:29:37.766532
Coinrule,FREEMIUM,YC OSS Startup Directory (product surface),https://coinrule.com/,2026-09-04T10:29:37.915117
Malloc Inc,FREE,YC OSS Startup Directory (product surface),https://mallocprivacy.com/,2026-09-04T10:29:37.914118
OneSchema,PAID,YC OSS Startup Directory (product surface),https://www.oneschema.co/pricing,2026-09-04T10:29:37.948072
Miniloop,ENTERPRISE,YC OSS Startup Directory (product surface),https://miniloop.ai/pricing,2026-09-04T10:29:38.120098
Milky Way AI,ENTERPRISE,YC OSS Startup Directory (product surface),https://milkyway.ai/,2026-09-04T10:29:38.343517
Scispot,ENTERPRISE,YC OSS Startup Directory (product surface),https://scispot.io/,2026-09-04T10:29:38.423962
GetDot,ENTERPRISE,YC OSS Startup Directory (product surface),https://getdot.ai/,2026-09-04T10:29:38.881259
Writesonic,ENTERPRISE,YC OSS Startup Directory (product surface),https://writesonic.com/,2026-09-04T10:29:38.880255
Telmai,ENTERPRISE,YC OSS Startup Directory (product surface),https://www.telm.ai/,2026-09-04T10:29:38.921812
Zuma,ENTERPRISE,YC OSS Startup Directory (product surface),https://www.getzuma.com/,2026-09-04T10:29:38.941124
Shape,PAID,YC OSS Startup Directory (product surface),https://shape.xyz/,2026-09-04T10:29:39.230944
ContraForce,PAID,YC OSS Startup Directory (product surface),https://www.contraforce.com/,2026-09-04T10:29:39.497687
Exa,ENTERPRISE,YC OSS Startup Directory (product surface),https://exa.ai/,2026-09-04T10:29:39.706946
Lightly,ENTERPRISE,YC OSS Startup Directory (product surface),https://lightly.ai/,2026-09-04T10:29:39.828441
Squire.ai,ENTERPRISE,YC OSS Startup Directory (product surface),https://squire.ai/,2026-09-04T10:29:40.136712
Hudson Labs (formerly Bedrock AI),FREE,YC OSS Startup Directory (product surface),https://www.hudson-labs.com/,2026-09-04T10:29:40.316536
Andi,FREEMIUM,YC OSS Startup Directory (product surface),https://andiai.com/,2026-09-04T10:29:40.378754
SilkChart,FREEMIUM,YC OSS Startup Directory (product surface),https://www.silkchart.com/,2026-09-04T10:29:41.003292
Trellus,ENTERPRISE,YC OSS Startup Directory (product surface),https://www.trellus.ai/pricing,2026-09-04T10:29:41.065057
Strac,ENTERPRISE,YC OSS Startup Directory (product surface),https://www.strac.io/,2026-09-04T10:29:41.282526
Capuchin,ENTERPRISE,YC OSS Startup Directory (product surface),https://capuchin.ai/,2026-09-04T10:29:41.353785
Sully.ai,ENTERPRISE,YC OSS Startup Directory (product surface),https://www.sully.ai/,2026-09-04T10:29:41.915422
PromptLoop,ENTERPRISE,YC OSS Startup Directory (product surface),https://www.promptloop.com/,2026-09-04T10:29:41.932335
Tenyks,ENTERPRISE,YC OSS Startup Directory (product surface),http://tenyks.ai/,2026-09-04T10:29:42.875754
Cozmo AI,ENTERPRISE,YC OSS Startup Directory (product surface),https://www.hellocozmo.ai/,2026-09-04T10:29:42.932523
Nyckel,FREEMIUM,YC OSS Startup Directory (product surface),https://www.nyckel.com/pricing/,2026-09-04T10:29:43.064845
Kaso,ENTERPRISE,YC OSS Startup Directory (product surface),https://www.kaso.ai/,2026-09-04T10:29:43.061842
Sei AI,ENTERPRISE,YC OSS Startup Directory (product surface),https://seiright.com/,2026-09-04T10:29:43.126238
Spinach AI,ENTERPRISE,YC OSS Startup Directory (product surface),https://spinach.ai/,2026-09-04T10:29:43.798986
Unlayer,ENTERPRISE,YC OSS Startup Directory (product surface),https://unlayer.com/,2026-09-04T10:29:43.873075
InferEdge,ENTERPRISE,YC OSS Startup Directory (product surface),https://www.inferedge.com/,2026-09-04T10:29:43.957886
Dynamo AI,ENTERPRISE,YC OSS Startup Directory (product surface),https://dynamo.ai/,2026-09-04T10:29:44.014150
Cerebrium,ENTERPRISE,YC OSS Startup Directory (product surface),https://www.cerebrium.ai/,2026-09-04T10:29:44.326792
Invert,ENTERPRISE,YC OSS Startup Directory (product surface),http://www.invertbio.com/,2026-09-04T10:29:44.344648
Versable,ENTERPRISE,YC OSS Startup Directory (product surface),https://www.versableai.com/,2026-09-04T10:29:44.592741
Dart,ENTERPRISE,YC OSS Startup Directory (product surface),https://www.dartai.com/,2026-09-04T10:29:44.838200
Emobi,ENTERPRISE,YC OSS Startup Directory (product surface),https://www.emobi.ai/,2026-09-04T10:29:44.894732
LanceDB,PAID,YC OSS Startup Directory (product surface),https://lancedb.com/,2026-09-04T10:29:45.044957
Sphere,PAID,YC OSS Startup Directory (product surface),https://www.getsphere.com/pricing,2026-09-04T10:29:45.158079
Beam,PAID,YC OSS Startup Directory (product surface),https://beam.cloud/pricing,2026-09-04T10:29:45.163078
PermitFlow,ENTERPRISE,YC OSS Startup Directory (product surface),http://www.permitflow.com/,2026-09-04T10:29:45.915239
Velt,FREE,YC OSS Startup Directory (product surface),https://velt.dev/,2026-09-04T10:29:46.091531
Cogram,ENTERPRISE,YC OSS Startup Directory (product surface),https://cogram.com/,2026-09-04T10:29:46.126632
Dioptra,PAID,YC OSS Startup Directory (product surface),https://dioptra.ai/pricing,2026-09-04T10:29:46.334478
Curacel,ENTERPRISE,YC OSS Startup Directory (product surface),https://curacel.co/,2026-09-04T10:29:46.750020
BotCity,ENTERPRISE,YC OSS Startup Directory (product surface),https://botcity.dev/,2026-09-04T10:29:46.850335
Siftly,FREEMIUM,YC OSS Startup Directory (product surface),https://siftly.ai/,2026-09-04T10:29:47.322225
Lovage,FREE,YC OSS Startup Directory (product surface),https://getlovage.com/,2026-09-04T10:29:47.331861
Cotera,ENTERPRISE,YC OSS Startup Directory (product surface),https://cotera.co/pricing,2026-09-04T10:29:47.327354
MosaicVoice,ENTERPRISE,YC OSS Startup Directory (product surface),https://mosaicvoice.ai/,2026-09-04T10:29:47.415864
Sprites,ENTERPRISE,YC OSS Startup Directory (product surface),https://sprites.ai/,2026-09-04T10:29:47.638727
SmartHelio,ENTERPRISE,YC OSS Startup Directory (product surface),https://www.smarthelio.com/,2026-09-04T10:29:47.639727
Vimmerse,ENTERPRISE,YC OSS Startup Directory (product surface),https://vimmerse.net/,2026-09-04T10:29:47.723555
Top Road,FREE,YC OSS Startup Directory (product surface),https://toproad.ai/,2026-09-04T10:29:47.814597
Spade,ENTERPRISE,YC OSS Startup Directory (product surface),https://www.spade.com/,2026-09-04T10:29:48.560313
IoTFlows Inc,ENTERPRISE,YC OSS Startup Directory (product surface),https://www.iotflows.com/products/beamtracker/pricing,2026-09-04T10:29:48.571639
Theneo,ENTERPRISE,YC OSS Startup Directory (product surface),https://theneo.io/,2026-09-04T10:29:48.589184
Blink,FREEMIUM,YC OSS Startup Directory (product surface),https://blink.new/,2026-09-04T10:29:49.507735
Bemlo,ENTERPRISE,YC OSS Startup Directory (product surface),https://www.bemlo.com/en,2026-09-04T10:29:49.524741
Lifecast,FREEMIUM,YC OSS Startup Directory (product surface),https://github.com/pricing,2026-09-04T10:29:49.530841
Heptabase,PAID,YC OSS Startup Directory (product surface),https://heptabase.com/pricing,2026-09-04T10:29:49.812194
KorrAI,ENTERPRISE,YC OSS Startup Directory (product surface),https://www.korrai.com/,2026-09-04T10:29:49.877476
Postal,ENTERPRISE,YC OSS Startup Directory (product surface),https://usepostal.com/,2026-09-04T10:29:50.126067
MSPilot,ENTERPRISE,YC OSS Startup Directory (product surface),https://mspilot.io/,2026-09-04T10:29:50.184210
voize,ENTERPRISE,YC OSS Startup Directory (product surface),https://voize.de/,2026-09-04T10:29:50.636490
GovDash,ENTERPRISE,YC OSS Startup Directory (product surface),https://govdash.com/,2026-09-04T10:29:50.640668
Wolfia,ENTERPRISE,YC OSS Startup Directory (product surface),https://wolfia.com/,2026-09-04T10:29:50.602966
Cellbyte,ENTERPRISE,YC OSS Startup Directory (product surface),https://www.cellbyte.com/,2026-09-04T10:29:50.808890
Star,PAID,YC OSS Startup Directory (product surface),https://buildwithstar.com/,2026-09-04T10:29:50.952547
Elessar,PAID,YC OSS Startup Directory (product surface),https://www.getelessar.com/,2026-09-04T10:29:51.322348
Humand,ENTERPRISE,YC OSS Startup Directory (product surface),https://humand.co/,2026-09-04T10:29:51.359470
Layerup,ENTERPRISE,YC OSS Startup Directory (product surface),https://www.uselayerup.com/,2026-09-04T10:29:51.382698
Two Dots,ENTERPRISE,YC OSS Startup Directory (product surface),https://www.twodots.com/,2026-09-04T10:29:51.378528
Ciro,ENTERPRISE,YC OSS Startup Directory (product surface),https://www.ciro.io/,2026-09-04T10:29:51.507519
Impractical,ENTERPRISE,YC OSS Startup Directory (product surface),https://impractical.ai/,2026-09-04T10:29:52.099654
Activepieces,FREEMIUM,YC OSS Startup Directory (product surface),https://www.activepieces.com/,2026-09-04T10:29:52.360586
Midplane,FREE,YC OSS Startup Directory (product surface),https://midplane.ai/,2026-09-04T10:29:52.374585
Craze,PAID,YC OSS Startup Directory (product surface),https://www.craze.ai/?utm_source=yc,2026-09-04T10:29:52.508487
Paragon AI,ENTERPRISE,YC OSS Startup Directory (product surface),https://paragon.ai/,2026-09-04T10:29:53.192327
Bunting Labs,PAID,YC OSS Startup Directory (product surface),https://buntinglabs.com/pricing,2026-09-04T10:29:53.208326
Typewise,FREEMIUM,YC OSS Startup Directory (product surface),https://typewise.app/,2026-09-04T10:29:53.242172
Provision,ENTERPRISE,YC OSS Startup Directory (product surface),https://provision.com/,2026-09-04T10:29:53.254206
Namecard.ai,FREEMIUM,YC OSS Startup Directory (product surface),https://namecard.ai/,2026-09-04T10:29:53.212330
Juicebox,ENTERPRISE,YC OSS Startup Directory (product surface),https://juicebox.ai/,2026-09-04T10:29:53.207327
Thera,PAID,YC OSS Startup Directory (product surface),https://www.getthera.com/pricing,2026-09-04T10:29:53.210330
Peoplebox.ai,ENTERPRISE,YC OSS Startup Directory (product surface),https://www.peoplebox.ai/,2026-09-04T10:29:53.450528
Flair Labs,ENTERPRISE,YC OSS Startup Directory (product surface),https://www.flairlabs.ai/,2026-09-04T10:29:53.630200
Metriport,ENTERPRISE,YC OSS Startup Directory (product surface),https://metriport.com/,2026-09-04T10:29:54.485477
Fini,ENTERPRISE,YC OSS Startup Directory (product surface),https://www.usefini.com/,2026-09-04T10:29:54.486587
Unthread,ENTERPRISE,YC OSS Startup Directory (product surface),https://unthread.io/,2026-09-04T10:29:54.491478
Feather,ENTERPRISE,YC OSS Startup Directory (product surface),https://featherhq.com/,2026-09-04T10:29:54.569429
Atlas,FREE,YC OSS Startup Directory (product surface),https://atlaswork.ai/,2026-09-04T10:29:54.620470
NewsCatcher,ENTERPRISE,YC OSS Startup Directory (product surface),https://newscatcherapi.com/,2026-09-04T10:29:54.633970
Rima AI (formerly Garage),ENTERPRISE,YC OSS Startup Directory (product surface),https://www.getrima.ai/,2026-09-04T10:29:54.550101
Ad Army,FREEMIUM,YC OSS Startup Directory (product surface),https://ad.army/,2026-09-04T10:29:54.848720
Wondercraft,ENTERPRISE,YC OSS Startup Directory (product surface),https://wondercraft.ai/,2026-09-04T10:29:55.180344
Oneleet,ENTERPRISE,YC OSS Startup Directory (product surface),https://www.oneleet.com/?utm_source=yc&utm_medium=bookface,2026-09-04T10:29:56.135063
Firecrawl,FREE,YC OSS Startup Directory (product surface),https://www.firecrawl.dev/,2026-09-04T10:29:56.146579
Clearline,ENTERPRISE,YC OSS Startup Directory (product surface),https://useclearline.com/,2026-09-04T10:29:56.140069
Cambio,ENTERPRISE,YC OSS Startup Directory (product surface),https://www.cambio.ai/,2026-09-04T10:29:56.170270
Avina,ENTERPRISE,YC OSS Startup Directory (product surface),https://avina.io/,2026-09-04T10:29:56.139076
Pump.co,ENTERPRISE,YC OSS Startup Directory (product surface),https://www.pump.co/,2026-09-04T10:29:56.137062
Monterey AI,ENTERPRISE,YC OSS Startup Directory (product surface),http://www.monterey.ai/,2026-09-04T10:29:56.259433
Jasmine Energy,PAID,YC OSS Startup Directory (product surface),http://www.jasmine.energy/,2026-09-04T10:29:57.345567
Chima,ENTERPRISE,YC OSS Startup Directory (product surface),https://www.withchima.com/,2026-09-04T10:29:57.354679
Invofox,FREEMIUM,YC OSS Startup Directory (product surface),https://invofox.com/?utm_source=yc,2026-09-04T10:29:57.348571
Intuned,FREEMIUM,YC OSS Startup Directory (product surface),https://intunedhq.com/pricing,2026-09-04T10:29:57.348571
StackAI,ENTERPRISE,YC OSS Startup Directory (product surface),https://www.stackai.com/,2026-09-04T10:29:57.418649
Roxels,ENTERPRISE,YC OSS Startup Directory (product surface),https://www.roxels.ai/,2026-09-04T10:29:57.370676
Lamin,FREEMIUM,YC OSS Startup Directory (product surface),https://lamin.ai/pricing,2026-09-04T10:29:57.509723
Linum,PAID,YC OSS Startup Directory (product surface),https://www.linum.ai/,2026-09-04T10:29:57.773412
Rollstack,ENTERPRISE,YC OSS Startup Directory (product surface),https://www.rollstack.com/,2026-09-04T10:29:57.987452
Middleware,FREEMIUM,YC OSS Startup Directory (product surface),https://www.middleware.io/pricing/,2026-09-04T10:29:58.092027
Traceloop,ENTERPRISE,YC OSS Startup Directory (product surface),https://www.traceloop.com/,2026-09-04T10:29:58.249284
Syncly,ENTERPRISE,YC OSS Startup Directory (product surface),https://syncly.app/,2026-09-04T10:29:58.251284
Backdrop,ENTERPRISE,YC OSS Startup Directory (product surface),https://www.backdropagent.com/,2026-09-04T10:29:58.409712
Credal.ai,ENTERPRISE,YC OSS Startup Directory (product surface),https://credal.ai/pricing,2026-09-04T10:29:58.713840
Salient,ENTERPRISE,YC OSS Startup Directory (product surface),https://www.trysalient.com/,2026-09-04T10:29:58.760620
Dataglade,ENTERPRISE,YC OSS Startup Directory (product surface),https://dataglade.com/,2026-09-04T10:29:58.833872
Layup,ENTERPRISE,YC OSS Startup Directory (product surface),http://www.layuplabs.ai/,2026-09-04T10:29:58.848378
Sameday,ENTERPRISE,YC OSS Startup Directory (product surface),https://www.gosameday.com/,2026-09-04T10:29:58.953285
Reflex,ENTERPRISE,YC OSS Startup Directory (product surface),https://reflex.dev/,2026-09-04T10:29:59.215900
Trigger.dev,FREEMIUM,YC OSS Startup Directory (product surface),https://trigger.dev/pricing,2026-09-04T10:29:59.334116
OfOne,ENTERPRISE,YC OSS Startup Directory (product surface),https://www.of.one/,2026-09-04T10:29:59.401121
Frigade,ENTERPRISE,YC OSS Startup Directory (product surface),https://frigade.com/,2026-09-04T10:29:59.618332
Haven,ENTERPRISE,YC OSS Startup Directory (product surface),https://www.usehaven.ai/,2026-09-04T10:30:00.019834
loopfour,ENTERPRISE,YC OSS Startup Directory (product surface),https://www.loopfour.com/,2026-09-04T10:30:00.103309
Versive,ENTERPRISE,YC OSS Startup Directory (product surface),https://www.getversive.com/,2026-09-04T10:30:00.219426
Langfuse,FREEMIUM,YC OSS Startup Directory (product surface),https://langfuse.com/,2026-09-04T10:30:00.111310
Concourse,ENTERPRISE,YC OSS Startup Directory (product surface),https://concourse.co/,2026-09-04T10:30:00.235438
Extend,PAID,YC OSS Startup Directory (product surface),https://www.extend.ai/pricing,2026-09-04T10:30:00.327339
Inkeep,ENTERPRISE,YC OSS Startup Directory (product surface),https://inkeep.com/,2026-09-04T10:30:00.366011
Floworks,ENTERPRISE,YC OSS Startup Directory (product surface),https://floworks.ai/,2026-09-04T10:30:00.378013
Gooseworks,ENTERPRISE,YC OSS Startup Directory (product surface),https://gooseworks.ai/,2026-09-04T10:30:00.394680
Velos,ENTERPRISE,YC OSS Startup Directory (product surface),https://www.tryvelos.com/,2026-09-04T10:30:00.582791
FactIQ,FREE,YC OSS Startup Directory (product surface),https://factiq.com/,2026-09-04T10:30:00.917385
Wild Moose,ENTERPRISE,YC OSS Startup Directory (product surface),https://wildmoose.ai/,2026-09-04T10:30:00.931391
Fairway Health,ENTERPRISE,YC OSS Startup Directory (product surface),https://www.fairwayhealth.co/,2026-09-04T10:30:01.030987
Truewind,ENTERPRISE,YC OSS Startup Directory (product surface),https://truewind.ai/,2026-09-04T10:30:01.072527
Hippo Scribe,FREEMIUM,YC OSS Startup Directory (product surface),https://gethipposcribe.com/,2026-09-04T10:30:01.530544
Sherloq,ENTERPRISE,YC OSS Startup Directory (product surface),http://sherloqdata.io/,2026-09-04T10:30:01.543712
SuperKalam,FREE,YC OSS Startup Directory (product surface),https://superkalam.com/,2026-09-04T10:30:01.550732
Clueso,FREEMIUM,YC OSS Startup Directory (product surface),https://clueso.io/,2026-09-04T10:30:01.682847
Coldreach,PAID,YC OSS Startup Directory (product surface),https://coldreach.ai/,2026-09-04T10:30:01.696170
Maxi,PAID,YC OSS Startup Directory (product surface),https://www.usemaxi.app/,2026-09-04T10:30:02.252665
ShortLoop,ENTERPRISE,YC OSS Startup Directory (product surface),https://shortloop.dev/,2026-09-04T10:30:02.264949
Corgi Labs,PAID,YC OSS Startup Directory (product surface),https://www.corgilabs.ai/pricing,2026-09-04T10:30:02.530705
Pylon,ENTERPRISE,YC OSS Startup Directory (product surface),https://usepylon.com/?utm_source=bookface&utm_medium=referral&utm_campaign=pylon-profile,2026-09-04T10:30:02.843608
Hindsight,ENTERPRISE,YC OSS Startup Directory (product surface),https://www.usehindsight.com/,2026-09-04T10:30:03.095172
Cosine,PAID,YC OSS Startup Directory (product surface),http://www.cosine.sh/pricing,2026-09-04T10:30:03.128199
Retape,ENTERPRISE,YC OSS Startup Directory (product surface),https://www.retape.ai/,2026-09-04T10:30:03.112684
Conduit,ENTERPRISE,YC OSS Startup Directory (product surface),http://helloconduit.com/,2026-09-04T10:30:04.101353
Berry,ENTERPRISE,YC OSS Startup Directory (product surface),https://berryai.com/,2026-09-04T10:30:03.665066
Vocode,FREEMIUM,YC OSS Startup Directory (product surface),https://github.com/pricing,2026-09-04T10:30:04.265450
Decohere,FREE,YC OSS Startup Directory (product surface),https://decohere.ai/pricing,2026-09-04T10:30:04.307456
Type,PAID,YC OSS Startup Directory (product surface),https://type.ai/,2026-09-04T10:30:04.634691
Adri AI,FREEMIUM,YC OSS Startup Directory (product surface),https://www.getadri.ai/,2026-09-04T10:30:04.623688
Vendora,ENTERPRISE,YC OSS Startup Directory (product surface),https://www.vendora.io/,2026-09-04T10:30:04.665787
Vector,ENTERPRISE,YC OSS Startup Directory (product surface),https://vector.co/,2026-09-04T10:30:04.697792
Persana AI,ENTERPRISE,YC OSS Startup Directory (product surface),https://www.persana.ai/,2026-09-04T10:30:05.396146
Metal,ENTERPRISE,YC OSS Startup Directory (product surface),https://metal.ai/,2026-09-04T10:30:05.552955
LiteLLM,FREEMIUM,YC OSS Startup Directory (product surface),https://www.litellm.ai/,2026-09-04T10:30:05.560964
Yuma AI,ENTERPRISE,YC OSS Startup Directory (product surface),https://yuma.ai/,2026-09-04T10:30:05.598982
Automat,ENTERPRISE,YC OSS Startup Directory (product surface),https://www.runautomat.com/,2026-09-04T10:30:05.741845
Deasy Labs,ENTERPRISE,YC OSS Startup Directory (product surface),https://www.deasylabs.com/,2026-09-04T10:30:05.901088
Accend,ENTERPRISE,YC OSS Startup Directory (product surface),https://www.withaccend.com/,2026-09-04T10:30:05.958077
Magic Loops,PAID,YC OSS Startup Directory (product surface),https://magicloops.dev/,2026-09-04T10:30:06.190276
Sohar Health,ENTERPRISE,YC OSS Startup Directory (product surface),https://www.soharhealth.com/,2026-09-04T10:30:06.194276
Metoro,FREEMIUM,YC OSS Startup Directory (product surface),https://metoro.io/,2026-09-04T10:30:06.198399
Casca,ENTERPRISE,YC OSS Startup Directory (product surface),https://www.cascading.ai/,2026-09-04T10:30:06.834547
Hyperbound,ENTERPRISE,YC OSS Startup Directory (product surface),https://hyperbound.ai/,2026-09-04T10:30:06.845554
PropRise,PAID,YC OSS Startup Directory (product surface),https://www.proprise.ai/,2026-09-04T10:30:06.844553
kapa.ai,ENTERPRISE,YC OSS Startup Directory (product surface),https://www.kapa.ai/,2026-09-04T10:30:06.863063
Readily,ENTERPRISE,YC OSS Startup Directory (product surface),https://readily.co/,2026-09-04T10:30:06.984386
Mandel AI,ENTERPRISE,YC OSS Startup Directory (product surface),https://www.mandel.ai/,2026-09-04T10:30:07.257590
Helios,FREEMIUM,YC OSS Startup Directory (product surface),https://www.usehelios.ai/pricing,2026-09-04T10:30:07.262592
Cedana,ENTERPRISE,YC OSS Startup Directory (product surface),https://cedana.ai/,2026-09-04T10:30:07.762667
Spine AI,FREEMIUM,YC OSS Startup Directory (product surface),https://www.getspine.ai/pricing,2026-09-04T10:30:07.802247
Pointhound,FREE,YC OSS Startup Directory (product surface),http://www.pointhound.com/,2026-09-04T10:30:07.818830
Elyos AI,ENTERPRISE,YC OSS Startup Directory (product surface),https://www.elyos.ai/,2026-09-04T10:30:07.804247
Warp,PAID,YC OSS Startup Directory (product surface),https://www.warp.co/pricing,2026-09-04T10:30:07.848159
Parea,PAID,YC OSS Startup Directory (product surface),https://www.parea.ai/,2026-09-04T10:30:07.998526
GreenTally,ENTERPRISE,YC OSS Startup Directory (product surface),https://www.greentally.ai/,2026-09-04T10:30:08.174514
Alguna,ENTERPRISE,YC OSS Startup Directory (product surface),https://alguna.com/,2026-09-04T10:30:08.177017
Docsum,ENTERPRISE,YC OSS Startup Directory (product surface),https://www.docsum.ai/,2026-09-04T10:30:08.786477
Venta AI,ENTERPRISE,YC OSS Startup Directory (product surface),https://www.getventa.ai/,2026-09-04T10:30:08.827470
Punchcard,ENTERPRISE,YC OSS Startup Directory (product surface),https://www.punchcard.com/,2026-09-04T10:30:08.818472
Reworkd,PAID,YC OSS Startup Directory (product surface),https://reworkd.ai/pricing,2026-09-04T10:30:08.795994
Skyvern,ENTERPRISE,YC OSS Startup Directory (product surface),https://www.skyvern.com/,2026-09-04T10:30:09.030841
Shasta Health,ENTERPRISE,YC OSS Startup Directory (product surface),https://www.shasta.health/,2026-09-04T10:30:09.044853
Epsilla,ENTERPRISE,YC OSS Startup Directory (product surface),https://www.epsilla.com/,2026-09-04T10:30:09.527967
Outset,ENTERPRISE,YC OSS Startup Directory (product surface),https://outset.ai/,2026-09-04T10:30:09.533871
Repaint,FREEMIUM,YC OSS Startup Directory (product surface),https://repaint.com/,2026-09-04T10:30:09.545879
Health Harbor,ENTERPRISE,YC OSS Startup Directory (product surface),https://healthharbor.co/pricing,2026-09-04T10:30:09.533871
Cardinal Gray,ENTERPRISE,YC OSS Startup Directory (product surface),https://www.cardinalgray.com/,2026-09-04T10:30:09.532869
Midrender,PAID,YC OSS Startup Directory (product surface),https://midrender.com/pricing,2026-09-04T10:30:10.416338
Decoda Health,PAID,YC OSS Startup Directory (product surface),https://decodahealth.com/,2026-09-04T10:30:10.417339
Surface Labs,ENTERPRISE,YC OSS Startup Directory (product surface),https://withsurface.com/,2026-09-04T10:30:10.473401
Maven Bio,ENTERPRISE,YC OSS Startup Directory (product surface),https://mavenbio.com/,2026-09-04T10:30:10.468222
AgentCollect,ENTERPRISE,YC OSS Startup Directory (product surface),https://www.agentcollect.com/,2026-09-04T10:30:10.464849
Corgea,FREE,YC OSS Startup Directory (product surface),https://www.corgea.com/pricing,2026-09-04T10:30:10.942539
Bolto,ENTERPRISE,YC OSS Startup Directory (product surface),https://www.bolto.com/,2026-09-04T10:30:11.023523
Slicker,ENTERPRISE,YC OSS Startup Directory (product surface),https://www.slickerhq.com/,2026-09-04T10:30:11.639938
Flint,ENTERPRISE,YC OSS Startup Directory (product surface),http://flintk12.com/,2026-09-04T10:30:11.644057
Rankai,ENTERPRISE,YC OSS Startup Directory (product surface),https://rankai.ai/,2026-09-04T10:30:11.813675
Trainy,ENTERPRISE,YC OSS Startup Directory (product surface),https://trainy.ai/,2026-09-04T10:30:11.998710
Sola,ENTERPRISE,YC OSS Startup Directory (product surface),https://www.sola-solutions.com/,2026-09-04T10:30:12.015708
Silimate,ENTERPRISE,YC OSS Startup Directory (product surface),https://www.silimate.com/,2026-09-04T10:30:11.997709
Langdock,FREEMIUM,YC OSS Startup Directory (product surface),https://langdock.com/,2026-09-04T10:30:12.316451
Inventive AI,ENTERPRISE,YC OSS Startup Directory (product surface),https://www.inventive.ai/,2026-09-04T10:30:12.392731
Cair Health,ENTERPRISE,YC OSS Startup Directory (product surface),https://www.cairhealth.com/,2026-09-04T10:30:12.990974
Minded,ENTERPRISE,YC OSS Startup Directory (product surface),https://www.minded.com/,2026-09-04T10:30:12.982862
Strada,ENTERPRISE,YC OSS Startup Directory (product surface),https://www.getstrada.com/,2026-09-04T10:30:13.058705
Cedalio,ENTERPRISE,YC OSS Startup Directory (product surface),https://cedalio.com/,2026-09-04T10:30:13.068704
Energent AI,ENTERPRISE,YC OSS Startup Directory (product surface),https://energent.ai/,2026-09-04T10:30:13.122404
Fiber AI,ENTERPRISE,YC OSS Startup Directory (product surface),https://www.fiber.ai/apis,2026-09-04T10:30:14.027214
Pincites,FREE,YC OSS Startup Directory (product surface),https://www.pincites.com/,2026-09-04T10:30:14.033210
Quill Bills,ENTERPRISE,YC OSS Startup Directory (product surface),https://quillbills.com/,2026-09-04T10:30:14.053217
HappyRobot,ENTERPRISE,YC OSS Startup Directory (product surface),https://happyrobot.ai/,2026-09-04T10:30:14.097735
Sweep,FREEMIUM,YC OSS Startup Directory (product surface),https://sweep.dev/pricing,2026-09-04T10:30:14.046217
Foundation,ENTERPRISE,YC OSS Startup Directory (product surface),https://buildwithfoundation.com/,2026-09-04T10:30:14.128732
Tiptap,ENTERPRISE,YC OSS Startup Directory (product surface),https://tiptap.dev/,2026-09-04T10:30:14.045216
FlowiseAI,PAID,YC OSS Startup Directory (product surface),https://flowiseai.com/,2026-09-04T10:30:14.185840
AiSDR,PAID,YC OSS Startup Directory (product surface),https://aisdr.com/,2026-09-04T10:30:14.035212
Letterbook,ENTERPRISE,YC OSS Startup Directory (product surface),https://www.letterbook.ai/,2026-09-04T10:30:14.676784
Cognitio Labs,ENTERPRISE,YC OSS Startup Directory (product surface),https://cognitioiq.com/,2026-09-04T10:30:14.949071
Wattson Health,FREEMIUM,YC OSS Startup Directory (product surface),https://www.wattsonhealth.com/,2026-09-04T10:30:14.962578
Catamaran,ENTERPRISE,YC OSS Startup Directory (product surface),https://www.trycatamaran.com/,2026-09-04T10:30:14.903716
Morph,FREEMIUM,YC OSS Startup Directory (product surface),https://morphllm.com/,2026-09-04T10:30:15.453144
Onyx,ENTERPRISE,YC OSS Startup Directory (product surface),https://www.onyx.app/,2026-09-04T10:30:15.574394
Nowadays,ENTERPRISE,YC OSS Startup Directory (product surface),http://nowadays.ai/,2026-09-04T10:30:15.595476
Opensteer,FREEMIUM,YC OSS Startup Directory (product surface),https://opensteer.com/pricing,2026-09-04T10:30:15.613474
Goldbridge,ENTERPRISE,YC OSS Startup Directory (product surface),https://www.goldbridgebanking.com/,2026-09-04T10:30:15.643466
Scritch,ENTERPRISE,YC OSS Startup Directory (product surface),https://www.scritchai.com/,2026-09-04T10:30:15.699049
Greptile,PAID,YC OSS Startup Directory (product surface),https://www.greptile.com/,2026-09-04T10:30:15.830138
ion design,ENTERPRISE,YC OSS Startup Directory (product surface),https://www.ion.design/,2026-09-04T10:30:15.896087
Duckie,PAID,YC OSS Startup Directory (product surface),https://duckie.ai/,2026-09-04T10:30:16.026091
Legora,ENTERPRISE,YC OSS Startup Directory (product surface),https://www.legora.com/,2026-09-04T10:30:16.031091
Poka Labs,ENTERPRISE,YC OSS Startup Directory (product surface),https://www.pokalabs.com/,2026-09-04T10:30:16.529424
Lantern,FREEMIUM,YC OSS Startup Directory (product surface),http://lantern.dev/,2026-09-04T10:30:16.551543
Tracecat,ENTERPRISE,YC OSS Startup Directory (product surface),https://tracecat.com/,2026-09-04T10:30:16.567061
Momentic,ENTERPRISE,YC OSS Startup Directory (product surface),https://momentic.ai/,2026-09-04T10:30:16.851299
Reducto,ENTERPRISE,YC OSS Startup Directory (product surface),https://reducto.ai/,2026-09-04T10:30:16.865121
Happenstance,FREEMIUM,YC OSS Startup Directory (product surface),https://happenstance.ai/pricing,2026-09-04T10:30:17.056552
Constructable,ENTERPRISE,YC OSS Startup Directory (product surface),https://www.constructable.ai/,2026-09-04T10:30:17.395522
PointOne,ENTERPRISE,YC OSS Startup Directory (product surface),https://pointone.com/,2026-09-04T10:30:17.791384
Arini,ENTERPRISE,YC OSS Startup Directory (product surface),https://www.arini.ai/,2026-09-04T10:30:17.861253
Saga AI,ENTERPRISE,YC OSS Startup Directory (product surface),https://usesaga.ai/,2026-09-04T10:30:17.862274
Greenboard,ENTERPRISE,YC OSS Startup Directory (product surface),https://www.greenboard.com/,2026-09-04T10:30:18.100966
Alex,ENTERPRISE,YC OSS Startup Directory (product surface),https://alex.com/,2026-09-04T10:30:18.117037
DryMerge,ENTERPRISE,YC OSS Startup Directory (product surface),https://www.drymerge.com/,2026-09-04T10:30:18.179814
Topo,ENTERPRISE,YC OSS Startup Directory (product surface),https://www.topo.io/,2026-09-04T10:30:18.456983
Ubicloud,PAID,YC OSS Startup Directory (product surface),https://www.ubicloud.com/docs/about/pricing,2026-09-04T10:30:18.278850
ROE,ENTERPRISE,YC OSS Startup Directory (product surface),https://getroe.ai/,2026-09-04T10:30:18.615320
Keystroke,ENTERPRISE,YC OSS Startup Directory (product surface),http://keystroke.ai/,2026-09-04T10:30:19.443394
AveryIQ,FREEMIUM,YC OSS Startup Directory (product surface),https://averyiq.com/pricing,2026-09-04T10:30:19.447393
Monumint,ENTERPRISE,YC OSS Startup Directory (product surface),https://monumint.com/,2026-09-04T10:30:19.444417
Artisan,ENTERPRISE,YC OSS Startup Directory (product surface),https://artisan.co/?utm_source=ycombinator,2026-09-04T10:30:19.473195
Meticulate,PAID,YC OSS Startup Directory (product surface),https://meticulate.ai/,2026-09-04T10:30:19.669437
Speck,ENTERPRISE,YC OSS Startup Directory (product surface),https://speck.sh/,2026-09-04T10:30:19.675436
Tusk,ENTERPRISE,YC OSS Startup Directory (product surface),https://usetusk.ai/,2026-09-04T10:30:19.677633
PromptArmor,ENTERPRISE,YC OSS Startup Directory (product surface),https://promptarmor.com/,2026-09-04T10:30:19.771581
Tamarind Bio,ENTERPRISE,YC OSS Startup Directory (product surface),https://www.tamarind.bio/,2026-09-04T10:30:19.864584
Parallel,ENTERPRISE,YC OSS Startup Directory (product surface),https://www.beparallel.com/?utm_source=ycombinator&utm_medium=directory,2026-09-04T10:30:20.106542
Blume Benefits,ENTERPRISE,YC OSS Startup Directory (product surface),https://www.blumebenefits.com/,2026-09-04T10:30:20.109555
InQuery,ENTERPRISE,YC OSS Startup Directory (product surface),https://www.inquery.ai/,2026-09-04T10:30:20.241636
Feldy,FREE,YC OSS Startup Directory (product surface),https://feldy.ai/,2026-09-04T10:30:20.308588
NanoCorp,FREE,YC OSS Startup Directory (product surface),https://nanocorp.so/pricing,2026-09-04T10:30:20.811572
Centralize,FREEMIUM,YC OSS Startup Directory (product surface),https://www.usecentralize.com/,2026-09-04T10:30:20.861619
Superagent,FREE,YC OSS Startup Directory (product surface),https://superagent.sh/,2026-09-04T10:30:21.033688
LemonSlice,PAID,YC OSS Startup Directory (product surface),https://www.lemonslice.com/,2026-09-04T10:30:21.052848
Respan,FREEMIUM,YC OSS Startup Directory (product surface),https://respan.ai/,2026-09-04T10:30:21.241940
Open,ENTERPRISE,YC OSS Startup Directory (product surface),https://open.cx/pricing,2026-09-04T10:30:21.254947
EdgeTrace,ENTERPRISE,YC OSS Startup Directory (product surface),https://edgetrace.ai/,2026-09-04T10:30:21.614761
Abel,FREE,YC OSS Startup Directory (product surface),https://www.tryabel.com/,2026-09-04T10:30:21.805375
Ellipsis,ENTERPRISE,YC OSS Startup Directory (product surface),https://ellipsis.dev/,2026-09-04T10:30:21.809846
Raindrop,FREEMIUM,YC OSS Startup Directory (product surface),https://www.raindrop.ai/,2026-09-04T10:30:22.094376
Model ML,ENTERPRISE,YC OSS Startup Directory (product surface),https://www.modelml.com/,2026-09-04T10:30:22.948030
Lumetric,ENTERPRISE,YC OSS Startup Directory (product surface),https://www.lumetric.ai/,2026-09-04T10:30:22.975957
Brainbase Labs,ENTERPRISE,YC OSS Startup Directory (product surface),https://brainbaselabs.com/,2026-09-04T10:30:22.979953
Focal,FREE,YC OSS Startup Directory (product surface),https://focalml.com/,2026-09-04T10:30:22.977954
JustAI,ENTERPRISE,YC OSS Startup Directory (product surface),https://getjust.ai/,2026-09-04T10:30:23.291933
Risotto,ENTERPRISE,YC OSS Startup Directory (product surface),https://tryrisotto.com/,2026-09-04T10:30:23.289930
Spark,ENTERPRISE,YC OSS Startup Directory (product surface),https://www.sparkhq.ai/,2026-09-04T10:30:23.634361
camelAI,FREEMIUM,YC OSS Startup Directory (product surface),https://camelai.com/,2026-09-04T10:30:23.636361
Openmart,FREEMIUM,YC OSS Startup Directory (product surface),https://www.openmart.com/,2026-09-04T10:30:23.660650
Aqua Voice,PAID,YC OSS Startup Directory (product surface),https://aquavoice.com/,2026-09-04T10:30:24.386947
Zep AI,ENTERPRISE,YC OSS Startup Directory (product surface),https://www.getzep.com/,2026-09-04T10:30:24.416803
Terrakotta,ENTERPRISE,YC OSS Startup Directory (product surface),https://www.terrakotta.ai/pricing,2026-09-04T10:30:24.434584
Veles,ENTERPRISE,YC OSS Startup Directory (product surface),http://www.getveles.com/,2026-09-04T10:30:24.687659
Retell AI,FREEMIUM,YC OSS Startup Directory (product surface),https://retellai.com/,2026-09-04T10:30:24.694628
Pazi,FREE,YC OSS Startup Directory (product surface),https://pazi.ai/,2026-09-04T10:30:24.414802
Basepilot,ENTERPRISE,YC OSS Startup Directory (product surface),https://www.basepilot.com/,2026-09-04T10:30:24.699015
CommodityAI,ENTERPRISE,YC OSS Startup Directory (product surface),https://commodityai.io/,2026-09-04T10:30:25.227365
Silogy,ENTERPRISE,YC OSS Startup Directory (product surface),https://silogy.io/,2026-09-04T10:30:25.231366
Spur,ENTERPRISE,YC OSS Startup Directory (product surface),https://www.spurtest.com/,2026-09-04T10:30:25.247362
Reform,ENTERPRISE,YC OSS Startup Directory (product surface),https://www.reformhq.com/,2026-09-04T10:30:25.233366
Integuru,FREEMIUM,YC OSS Startup Directory (product surface),https://www.integuru.com/,2026-09-04T10:30:25.540913
Marblism,PAID,YC OSS Startup Directory (product surface),https://marblism.com/pricing,2026-09-04T10:30:25.726932
Yarn,PAID,YC OSS Startup Directory (product surface),https://www.yarn.so/,2026-09-04T10:30:25.945819
Dragoneye,ENTERPRISE,YC OSS Startup Directory (product surface),https://dragoneye.ai/pricing,2026-09-04T10:30:26.061160
Magic Hour,FREE,YC OSS Startup Directory (product surface),https://magichour.ai/pricing,2026-09-04T10:30:26.365132
Forge Rewards,ENTERPRISE,YC OSS Startup Directory (product surface),https://www.joinforge.app/,2026-09-04T10:30:26.369126
kater.ai,ENTERPRISE,YC OSS Startup Directory (product surface),https://www.kater.ai/,2026-09-04T10:30:26.366124
GetCrux,PAID,YC OSS Startup Directory (product surface),http://getcrux.ai/,2026-09-04T10:30:26.776488
Undermind,PAID,YC OSS Startup Directory (product surface),https://www.undermind.ai/,2026-09-04T10:30:27.024209
Apten,ENTERPRISE,YC OSS Startup Directory (product surface),https://www.apten.ai/,2026-09-04T10:30:27.029110
Cheers,ENTERPRISE,YC OSS Startup Directory (product surface),https://www.cheers.tech/,2026-09-04T10:30:27.554522
Coval,FREE,YC OSS Startup Directory (product surface),https://coval.dev/,2026-09-04T10:30:27.581676
VideoGen,ENTERPRISE,YC OSS Startup Directory (product surface),https://videogen.io/,2026-09-04T10:30:28.231639
ProhostAI,FREEMIUM,YC OSS Startup Directory (product surface),https://www.prohost.ai/,2026-09-04T10:30:28.232636
Unbound,FREEMIUM,YC OSS Startup Directory (product surface),https://getunbound.ai/,2026-09-04T10:30:28.533214
Willow,ENTERPRISE,YC OSS Startup Directory (product surface),https://willowvoice.com/,2026-09-04T10:30:28.932285
Stardrift,ENTERPRISE,YC OSS Startup Directory (product surface),https://stardrift.ai/,2026-09-04T10:30:28.935283
Scape,PAID,YC OSS Startup Directory (product surface),https://scape.app/pricing,2026-09-04T10:30:29.097470
CodeViz,ENTERPRISE,YC OSS Startup Directory (product surface),https://www.codeviz.ai/,2026-09-04T10:30:29.660029
Parahelp,ENTERPRISE,YC OSS Startup Directory (product surface),https://parahelp.com/,2026-09-04T10:30:29.659024
Decisional AI,ENTERPRISE,YC OSS Startup Directory (product surface),https://www.decisional.com/,2026-09-04T10:30:29.700560
Corgi Insurance,ENTERPRISE,YC OSS Startup Directory (product surface),https://corgi.com/,2026-09-04T10:30:29.746611
ideate.xyz,FREEMIUM,YC OSS Startup Directory (product surface),https://ideate.xyz/,2026-09-04T10:30:29.779251
Elevate,ENTERPRISE,YC OSS Startup Directory (product surface),https://www.useelevate.dev/,2026-09-04T10:30:30.037606
Gauge,ENTERPRISE,YC OSS Startup Directory (product surface),https://withgauge.com/,2026-09-04T10:30:30.207292
MinusX,ENTERPRISE,YC OSS Startup Directory (product surface),https://minusx.ai/,2026-09-04T10:30:30.236256
Fazeshift,ENTERPRISE,YC OSS Startup Directory (product surface),https://www.fazeshift.com/,2026-09-04T10:30:30.305519
Mito Health,PAID,YC OSS Startup Directory (product surface),https://mitohealth.com/,2026-09-04T10:30:30.676900
LedgerUp,ENTERPRISE,YC OSS Startup Directory (product surface),https://ledgerup.ai/,2026-09-04T10:30:30.708186
Modus,ENTERPRISE,YC OSS Startup Directory (product surface),https://himodus.com/,2026-09-04T10:30:30.707276
TaxGPT,ENTERPRISE,YC OSS Startup Directory (product surface),https://www.taxgpt.com/pricing,2026-09-04T10:30:30.748217
Silurian,ENTERPRISE,YC OSS Startup Directory (product surface),https://silurian.ai/,2026-09-04T10:30:31.029980
Dench.com,ENTERPRISE,YC OSS Startup Directory (product surface),https://dench.com/,2026-09-04T10:30:31.046982
Clearly AI,ENTERPRISE,YC OSS Startup Directory (product surface),https://clearly-ai.com/,2026-09-04T10:30:31.516253
Lighthouz AI,ENTERPRISE,YC OSS Startup Directory (product surface),https://lighthouz.ai/,2026-09-04T10:30:31.587676
Plume,ENTERPRISE,YC OSS Startup Directory (product surface),http://www.plumefinder.com/,2026-09-04T10:30:31.744102
Redouble AI,ENTERPRISE,YC OSS Startup Directory (product surface),https://redouble.ai/,2026-09-04T10:30:32.025720
Drillbit,PAID,YC OSS Startup Directory (product surface),https://www.drillbit.com/,2026-09-04T10:30:32.188449
Anara,ENTERPRISE,YC OSS Startup Directory (product surface),https://anara.com/,2026-09-04T10:30:32.600569
Conductor Quantum,FREE,YC OSS Startup Directory (product surface),https://www.conductorquantum.com/,2026-09-04T10:30:32.601577
Emergent,PAID,YC OSS Startup Directory (product surface),https://emergent.sh/,2026-09-04T10:30:32.598349
cmux,FREE,YC OSS Startup Directory (product surface),https://www.cmux.com/,2026-09-04T10:30:32.638818
Zeit AI,ENTERPRISE,YC OSS Startup Directory (product surface),https://zeit-ai.com/,2026-09-04T10:30:32.744953
Palmier,ENTERPRISE,YC OSS Startup Directory (product surface),https://www.palmier.io/,2026-09-04T10:30:32.980667
winfunc,ENTERPRISE,YC OSS Startup Directory (product surface),https://winfunc.com/,2026-09-04T10:30:33.104263
Simple AI,ENTERPRISE,YC OSS Startup Directory (product surface),https://www.usesimple.ai/,2026-09-04T10:30:33.129256
Presti AI,FREEMIUM,YC OSS Startup Directory (product surface),https://www.presti.ai/,2026-09-04T10:30:33.146257
Conveo,ENTERPRISE,YC OSS Startup Directory (product surface),https://conveo.ai/,2026-09-04T10:30:33.414147
FINNY AI,ENTERPRISE,YC OSS Startup Directory (product surface),https://www.finny.com/pricing,2026-09-04T10:30:33.771785
Parley,ENTERPRISE,YC OSS Startup Directory (product surface),https://parley.so/,2026-09-04T10:30:33.851276
Cartage,ENTERPRISE,YC OSS Startup Directory (product surface),https://cartage.ai/,2026-09-04T10:30:33.832150
autarc,ENTERPRISE,YC OSS Startup Directory (product surface),https://www.autarc.energy/global,2026-09-04T10:30:34.349407
Laminar,ENTERPRISE,YC OSS Startup Directory (product surface),https://laminar.sh/,2026-09-04T10:30:34.368242
Polymet,ENTERPRISE,YC OSS Startup Directory (product surface),https://polymet.ai/,2026-09-04T10:30:34.382692
Propaya,ENTERPRISE,YC OSS Startup Directory (product surface),https://www.propaya.com/,2026-09-04T10:30:34.516847
Voker,FREEMIUM,YC OSS Startup Directory (product surface),https://voker.ai/,2026-09-04T10:30:34.643293
Orca Client,FREEMIUM,YC OSS Startup Directory (product surface),https://orcaclient.com/,2026-09-04T10:30:34.652299
Elayne,FREE,YC OSS Startup Directory (product surface),https://www.elayne.com/,2026-09-04T10:30:34.902421
Oway,FREE,YC OSS Startup Directory (product surface),https://www.shipoway.com/,2026-09-04T10:30:34.939422
Dayflow,FREE,YC OSS Startup Directory (product surface),https://www.dayflow.so/,2026-09-04T10:30:35.184674
Usul,ENTERPRISE,YC OSS Startup Directory (product surface),https://www.usul.com/,2026-09-04T10:30:35.194987
Rastro,PAID,YC OSS Startup Directory (product surface),https://rastro.ai/,2026-09-04T10:30:35.264555
ZeroPath,ENTERPRISE,YC OSS Startup Directory (product surface),https://zeropath.com/,2026-09-04T10:30:35.802066
Pipeshift,ENTERPRISE,YC OSS Startup Directory (product surface),https://pipeshift.com/,2026-09-04T10:30:35.817905
Quetzal,FREEMIUM,YC OSS Startup Directory (product surface),https://getquetzal.com/,2026-09-04T10:30:35.851184
Blaze,ENTERPRISE,YC OSS Startup Directory (product surface),https://blaze.money/,2026-09-04T10:30:36.008595
Typa,FREEMIUM,YC OSS Startup Directory (product surface),https://typa.ai/pricing,2026-09-04T10:30:36.015639
BrowserOS,FREE,YC OSS Startup Directory (product surface),https://browseros.com/,2026-09-04T10:30:36.220421
Anglera,ENTERPRISE,YC OSS Startup Directory (product surface),https://www.anglera.com/,2026-09-04T10:30:36.242434
Overlap,ENTERPRISE,YC OSS Startup Directory (product surface),https://www.overlap.ai/,2026-09-04T10:30:36.276647
Syntra,FREE,YC OSS Startup Directory (product surface),https://www.syntra.com/,2026-09-04T10:30:36.700303
Freestyle,FREEMIUM,YC OSS Startup Directory (product surface),https://www.freestyle.sh/pricing,2026-09-04T10:30:36.709311
Capitol AI,ENTERPRISE,YC OSS Startup Directory (product surface),https://www.capitol.ai/,2026-09-04T10:30:36.761503
Riveter,FREEMIUM,YC OSS Startup Directory (product surface),https://www.riveterhq.com/,2026-09-04T10:30:37.158984
Symphony,ENTERPRISE,YC OSS Startup Directory (product surface),https://getsymphony.co/,2026-09-04T10:30:37.538669
Arva AI,ENTERPRISE,YC OSS Startup Directory (product surface),https://www.arva.ai/,2026-09-04T10:30:37.566837
Affil.ai,ENTERPRISE,YC OSS Startup Directory (product surface),https://affil.ai/,2026-09-04T10:30:37.522979
Conductor,PAID,YC OSS Startup Directory (product surface),https://conductor.build/pricing,2026-09-04T10:30:37.543679
Merlin AI,ENTERPRISE,YC OSS Startup Directory (product surface),https://www.merlinai.co/,2026-09-04T10:30:37.490991
Revyl,FREEMIUM,YC OSS Startup Directory (product surface),https://www.revyl.com/,2026-09-04T10:30:38.111106
Vortexify,ENTERPRISE,YC OSS Startup Directory (product surface),https://www.vortexify.ai/,2026-09-04T10:30:38.150154
Onlook,ENTERPRISE,YC OSS Startup Directory (product surface),https://onlook.com/,2026-09-04T10:30:38.117108
Archil,PAID,YC OSS Startup Directory (product surface),https://archil.com/pricing,2026-09-04T10:30:38.113107
CTGT,PAID,YC OSS Startup Directory (product surface),https://www.ctgt.ai/,2026-09-04T10:30:38.506299
Reticular,PAID,YC OSS Startup Directory (product surface),https://reticular.com/,2026-09-04T10:30:38.654703
Freebuff,FREE,YC OSS Startup Directory (product surface),https://freebuff.com/,2026-09-04T10:30:38.757336
Gecko Security,PAID,YC OSS Startup Directory (product surface),https://gecko.security/,2026-09-04T10:30:38.783568
PermitPortal,ENTERPRISE,YC OSS Startup Directory (product surface),https://permitportalapp.com/,2026-09-04T10:30:39.007608
Streamable,PAID,YC OSS Startup Directory (product surface),https://streamable.run/pricing,2026-09-04T10:30:39.138717
Diffusion Studio,FREEMIUM,YC OSS Startup Directory (product surface),https://diffusion.studio/pricing,2026-09-04T10:30:39.217385
Capy,PAID,YC OSS Startup Directory (product surface),https://capy.ai/,2026-09-04T10:30:39.744967
HYBRD,FREE,YC OSS Startup Directory (product surface),https://www.hybrd.com/,2026-09-04T10:30:39.770490
Melder,PAID,YC OSS Startup Directory (product surface),https://melder.io/pricing,2026-09-04T10:30:39.810375
Struct,FREEMIUM,YC OSS Startup Directory (product surface),https://struct.ai/,2026-09-04T10:30:39.880463
Careforce,ENTERPRISE,YC OSS Startup Directory (product surface),https://careforce.ai/,2026-09-04T10:30:40.165970
HumanLayer,FREEMIUM,YC OSS Startup Directory (product surface),https://humanlayer.com/,2026-09-04T10:30:40.180187
Outship,ENTERPRISE,YC OSS Startup Directory (product surface),https://outship.ai/,2026-09-04T10:30:40.183184
Leaping AI,ENTERPRISE,YC OSS Startup Directory (product surface),https://www.leapingai.com/,2026-09-04T10:30:40.510185
Promptless,ENTERPRISE,YC OSS Startup Directory (product surface),https://promptless.ai/,2026-09-04T10:30:40.519187
Vetnio,FREE,YC OSS Startup Directory (product surface),https://vetnio.com/,2026-09-04T10:30:40.580175
Dartboard,ENTERPRISE,YC OSS Startup Directory (product surface),https://dartboard.ai/,2026-09-04T10:30:40.582178
superglue,ENTERPRISE,YC OSS Startup Directory (product surface),https://superglue.ai/,2026-09-04T10:30:40.630318
awen,FREEMIUM,YC OSS Startup Directory (product surface),https://www.awen.ai/,2026-09-04T10:30:40.758452
Trava,ENTERPRISE,YC OSS Startup Directory (product surface),https://www.usetrava.com/,2026-09-04T10:30:41.025082
Elip AI,ENTERPRISE,YC OSS Startup Directory (product surface),https://www.tryelip.ai/,2026-09-04T10:30:41.099590
Weave,ENTERPRISE,YC OSS Startup Directory (product surface),https://weaveos.com/,2026-09-04T10:30:41.304691
Verbiflow,FREEMIUM,YC OSS Startup Directory (product surface),https://verbiflow.com/,2026-09-04T10:30:41.791732
Cardamon,ENTERPRISE,YC OSS Startup Directory (product surface),https://cardamon.ai/,2026-09-04T10:30:42.449214
Lingo.dev,ENTERPRISE,YC OSS Startup Directory (product surface),https://lingo.dev/,2026-09-04T10:30:42.521284
Closure,ENTERPRISE,YC OSS Startup Directory (product surface),https://closure-intel.com/,2026-09-04T10:30:42.832303
Osmosis,ENTERPRISE,YC OSS Startup Directory (product surface),https://osmosis.ai/,2026-09-04T10:30:42.712564
Asteroid,FREEMIUM,YC OSS Startup Directory (product surface),https://asteroid.ai/,2026-09-04T10:30:42.834305
Rally,ENTERPRISE,YC OSS Startup Directory (product surface),https://www.getrally.com/pricing,2026-09-04T10:30:42.911537
Cenote,PAID,YC OSS Startup Directory (product surface),https://www.joincenote.com/,2026-09-04T10:30:43.197342
Harbera,ENTERPRISE,YC OSS Startup Directory (product surface),https://harbera.com/,2026-09-04T10:30:43.203858
Candor,ENTERPRISE,YC OSS Startup Directory (product surface),https://candor.security/,2026-09-04T10:30:43.431353
Cuckoo Labs,PAID,YC OSS Startup Directory (product surface),https://www.cuckoo.so/pricing,2026-09-04T10:30:43.449613
Confident AI,ENTERPRISE,YC OSS Startup Directory (product surface),https://confident-ai.com/,2026-09-04T10:30:43.828725
G LNK,ENTERPRISE,YC OSS Startup Directory (product surface),https://glnkco.com/,2026-09-04T10:30:43.838182
Wildcard,ENTERPRISE,YC OSS Startup Directory (product surface),https://wild-card.ai/,2026-09-04T10:30:44.333736
Mastra,PAID,YC OSS Startup Directory (product surface),https://mastra.ai/pricing,2026-09-04T10:30:44.498762
Lucidic AI,ENTERPRISE,YC OSS Startup Directory (product surface),https://lucidic.ai/,2026-09-04T10:30:44.514764
Woz,FREEMIUM,YC OSS Startup Directory (product surface),https://www.wozcode.com/,2026-09-04T10:30:44.595050
Riviera,ENTERPRISE,YC OSS Startup Directory (product surface),https://www.withriviera.com/,2026-09-04T10:30:44.591632
Browser Use,FREE,YC OSS Startup Directory (product surface),https://browser-use.com/,2026-09-04T10:30:44.965856
Roark,FREEMIUM,YC OSS Startup Directory (product surface),https://roark.ai/,2026-09-04T10:30:44.950873
Ergo,ENTERPRISE,YC OSS Startup Directory (product surface),https://joinergo.com/,2026-09-04T10:30:45.009621
Permitify,FREEMIUM,YC OSS Startup Directory (product surface),https://permitify.com/,2026-09-04T10:30:44.979869
Monte,ENTERPRISE,YC OSS Startup Directory (product surface),https://trymonte.ai/,2026-09-04T10:30:45.094776
Spott,ENTERPRISE,YC OSS Startup Directory (product surface),https://spott.io/,2026-09-04T10:30:45.137791
Trata,ENTERPRISE,YC OSS Startup Directory (product surface),https://www.trytrata.com/,2026-09-04T10:30:45.244064
CopyCat,ENTERPRISE,YC OSS Startup Directory (product surface),https://runcopycat.com/,2026-09-04T10:30:45.294698
Outlit,ENTERPRISE,YC OSS Startup Directory (product surface),https://outlit.ai/,2026-09-04T10:30:45.319906
Pinch,FREE,YC OSS Startup Directory (product surface),https://startpinch.com/pricing,2026-09-04T10:30:45.342052
assistant-ui,ENTERPRISE,YC OSS Startup Directory (product surface),https://assistant-ui.com/,2026-09-04T10:30:45.424445
Dex,PAID,YC OSS Startup Directory (product surface),https://joindex.com/pricing,2026-09-04T10:30:45.407848
Kashikoi,ENTERPRISE,YC OSS Startup Directory (product surface),https://www.getkashikoi.com/,2026-09-04T10:30:45.445443
Blaxel,FREEMIUM,YC OSS Startup Directory (product surface),https://blaxel.ai/pricing,2026-09-04T10:30:45.966869
Synthio Labs,ENTERPRISE,YC OSS Startup Directory (product surface),https://synthiolabs.com/,2026-09-04T10:30:45.970822
BitBoard,PAID,YC OSS Startup Directory (product surface),https://bitboard.work/pricing,2026-09-04T10:30:46.187806
Serafis,ENTERPRISE,YC OSS Startup Directory (product surface),https://serafis.ai/,2026-09-04T10:30:46.367272
Mentra,ENTERPRISE,YC OSS Startup Directory (product surface),https://mentra.glass/,2026-09-04T10:30:46.849374
Tinfoil,PAID,YC OSS Startup Directory (product surface),https://tinfoil.sh/,2026-09-04T10:30:46.860493
Parsewise,ENTERPRISE,YC OSS Startup Directory (product surface),https://parsewise.ai/pricing-platform,2026-09-04T10:30:47.228672
Kaelio,ENTERPRISE,YC OSS Startup Directory (product surface),https://kaelio.com/,2026-09-04T10:30:47.184826
Nomi,ENTERPRISE,YC OSS Startup Directory (product surface),https://www.nomi.so/,2026-09-04T10:30:47.280026
Auctor,ENTERPRISE,YC OSS Startup Directory (product surface),https://getauctor.com/,2026-09-04T10:30:47.284083
Sixtyfour,FREEMIUM,YC OSS Startup Directory (product surface),https://www.sixtyfour.ai/,2026-09-04T10:30:47.978894
Theta,ENTERPRISE,YC OSS Startup Directory (product surface),https://thetasoftware.com/,2026-09-04T10:30:47.995897
Simple AI,ENTERPRISE,YC OSS Startup Directory (product surface),https://besimple.ai/,2026-09-04T10:30:48.070792
QualGent,ENTERPRISE,YC OSS Startup Directory (product surface),https://www.qualgent.ai/,2026-09-04T10:30:48.279162
Mesmer,ENTERPRISE,YC OSS Startup Directory (product surface),https://mesmer.co/,2026-09-04T10:30:49.364153
Anana,ENTERPRISE,YC OSS Startup Directory (product surface),https://getanana.com/,2026-09-04T10:30:49.360145
Human Behavior,PAID,YC OSS Startup Directory (product surface),https://www.humanbehavior.co/,2026-09-04T10:30:49.379147
Moby Analytics,ENTERPRISE,YC OSS Startup Directory (product surface),https://www.mobyanalytics.com/,2026-09-04T10:30:49.499475
Pelica,ENTERPRISE,YC OSS Startup Directory (product surface),https://www.pelica.com/,2026-09-04T10:30:49.551795
Sim,ENTERPRISE,YC OSS Startup Directory (product surface),https://sim.ai/,2026-09-04T10:30:49.511783
Adentris,PAID,YC OSS Startup Directory (product surface),https://www.adentris.com/pricing,2026-09-04T10:30:49.557115
Kairos,ENTERPRISE,YC OSS Startup Directory (product surface),https://www.withkairos.co/,2026-09-04T10:30:49.897647
mlop,FREEMIUM,YC OSS Startup Directory (product surface),https://mlop.ai/pricing,2026-09-04T10:30:49.567839
Rimba,ENTERPRISE,YC OSS Startup Directory (product surface),https://rimba.ai/,2026-09-04T10:30:49.902908
Bluejay,PAID,YC OSS Startup Directory (product surface),https://getbluejay.ai/pricing,2026-09-04T10:30:49.564179
Naïve,PAID,YC OSS Startup Directory (product surface),https://usenaive.ai/,2026-09-04T10:30:49.907908
StarSling,ENTERPRISE,YC OSS Startup Directory (product surface),https://starsling.dev/,2026-09-04T10:30:50.046807
Lumari,ENTERPRISE,YC OSS Startup Directory (product surface),https://www.lumari.ai/,2026-09-04T10:30:50.489433
Cactus,ENTERPRISE,YC OSS Startup Directory (product surface),https://oncactus.com/,2026-09-04T10:30:50.502978
Cohesive,ENTERPRISE,YC OSS Startup Directory (product surface),https://getcohesiveai.com/,2026-09-04T10:30:50.536661
Lanesurf,ENTERPRISE,YC OSS Startup Directory (product surface),https://www.lanesurf.com/,2026-09-04T10:30:51.086931
truthsystems,ENTERPRISE,YC OSS Startup Directory (product surface),https://www.truthsystems.ai/,2026-09-04T10:30:51.100943
Docket,ENTERPRISE,YC OSS Startup Directory (product surface),https://docketqa.com/,2026-09-04T10:30:51.246121
Bramante,FREE,YC OSS Startup Directory (product surface),https://www.bramantebio.com/,2026-09-04T10:30:51.428055
Closera,ENTERPRISE,YC OSS Startup Directory (product surface),https://closera.com/,2026-09-04T10:30:51.624018
EffiGov,ENTERPRISE,YC OSS Startup Directory (product surface),https://effigov.com/,2026-09-04T10:30:52.107357
Monarcha,ENTERPRISE,YC OSS Startup Directory (product surface),https://monarcha.ai/,2026-09-04T10:30:52.080027
Alter,ENTERPRISE,YC OSS Startup Directory (product surface),https://alterauth.com/,2026-09-04T10:30:52.113360
Datafruit,ENTERPRISE,YC OSS Startup Directory (product surface),https://datafruit.ai/,2026-09-04T10:30:52.106357
Cyberdesk,ENTERPRISE,YC OSS Startup Directory (product surface),https://www.cyberdesk.io/,2026-09-04T10:30:52.327811
Frizzle,FREE,YC OSS Startup Directory (product surface),https://www.frizzle.com/,2026-09-04T10:30:52.427199
Nexa Labs,ENTERPRISE,YC OSS Startup Directory (product surface),https://nexa.farm/,2026-09-04T10:30:52.456136
Kestroll,ENTERPRISE,YC OSS Startup Directory (product surface),https://www.kestroll.com/,2026-09-04T10:30:52.881217
DeepAware AI (Robotics Center of Silicon Valley),ENTERPRISE,YC OSS Startup Directory (product surface),https://roboticscenter.ai/,2026-09-04T10:30:53.014602
Doe,ENTERPRISE,YC OSS Startup Directory (product surface),https://doe.so/,2026-09-04T10:30:53.041000
Motives,ENTERPRISE,YC OSS Startup Directory (product surface),https://motives.ai/,2026-09-04T10:30:53.215127
Manufact,FREEMIUM,YC OSS Startup Directory (product surface),https://manufact.com/,2026-09-04T10:30:53.361922
ProcIndex,ENTERPRISE,YC OSS Startup Directory (product surface),https://procindex.com/,2026-09-04T10:30:53.484188
Finto,ENTERPRISE,YC OSS Startup Directory (product surface),https://www.gofinto.com/,2026-09-04T10:30:53.500050
Dedalus Labs,PAID,YC OSS Startup Directory (product surface),https://www.dedaluslabs.ai/pricing,2026-09-04T10:30:53.515562
Channel3,ENTERPRISE,YC OSS Startup Directory (product surface),https://trychannel3.com/,2026-09-04T10:30:53.803054
OS3,PAID,YC OSS Startup Directory (product surface),https://os3robotics.com/,2026-09-04T10:30:53.809062
Knowlify,FREEMIUM,YC OSS Startup Directory (product surface),https://www.knowlify.com/,2026-09-04T10:30:53.935362
SigmanticAI,FREEMIUM,YC OSS Startup Directory (product surface),https://www.sigmanticai.com/,2026-09-04T10:30:53.978921
Evergrove,ENTERPRISE,YC OSS Startup Directory (product surface),https://www.evergrovelabs.com/,2026-09-04T10:30:53.958178
Mimos,ENTERPRISE,YC OSS Startup Directory (product surface),https://www.trymimos.com/,2026-09-04T10:30:53.981869
GhostEye,ENTERPRISE,YC OSS Startup Directory (product surface),https://ghosteye.ai/,2026-09-04T10:30:54.087121
PARES AI,ENTERPRISE,YC OSS Startup Directory (product surface),https://www.pares.ai/,2026-09-04T10:30:54.084119
Notte,PAID,YC OSS Startup Directory (product surface),https://www.notte.cc/,2026-09-04T10:30:54.147915
Pally,FREEMIUM,YC OSS Startup Directory (product surface),https://pally.com/,2026-09-04T10:30:54.090642
Phases,ENTERPRISE,YC OSS Startup Directory (product surface),https://phases.ai/,2026-09-04T10:30:54.299804
Humoniq,ENTERPRISE,YC OSS Startup Directory (product surface),https://humoniq.ai/,2026-09-04T10:30:54.291680
Physical Turing,ENTERPRISE,YC OSS Startup Directory (product surface),https://physicalturing.ai/,2026-09-04T10:30:54.434299
Floot,PAID,YC OSS Startup Directory (product surface),https://floot.com/en/pricing,2026-09-04T10:30:54.443297
Certus AI,PAID,YC OSS Startup Directory (product surface),https://www.certus-ai.com/,2026-09-04T10:30:54.479537
Modelence,FREE,YC OSS Startup Directory (product surface),https://modelence.com/,2026-09-04T10:30:54.861901
Interfere,ENTERPRISE,YC OSS Startup Directory (product surface),https://interfere.com/,2026-09-04T10:30:54.875897
KERNEL,FREEMIUM,YC OSS Startup Directory (product surface),https://www.kernel.sh/pricing,2026-09-04T10:30:54.886882
Bizzy AI,FREEMIUM,YC OSS Startup Directory (product surface),https://www.usebizzy.com/,2026-09-04T10:30:54.957034
Sapien,ENTERPRISE,YC OSS Startup Directory (product surface),https://www.asksapien.ai/,2026-09-04T10:30:55.024673
Rebulk,ENTERPRISE,YC OSS Startup Directory (product surface),https://www.rebulk.com/,2026-09-04T10:30:55.256161
Quotain,ENTERPRISE,YC OSS Startup Directory (product surface),https://quotain.com/,2026-09-04T10:30:55.260091
Okibi,FREEMIUM,YC OSS Startup Directory (product surface),https://okibi.ai/,2026-09-04T10:30:55.611933
Lapis,PAID,YC OSS Startup Directory (product surface),https://www.trylapis.com/,2026-09-04T10:30:55.592099
MOVEdot,ENTERPRISE,YC OSS Startup Directory (product surface),https://www.movedot.ai/,2026-09-04T10:30:55.595099
Uplift AI,PAID,YC OSS Startup Directory (product surface),https://upliftai.org/,2026-09-04T10:30:55.954879
Reacher,ENTERPRISE,YC OSS Startup Directory (product surface),https://reacherapp.com/,2026-09-04T10:30:55.965880
Structured AI,ENTERPRISE,YC OSS Startup Directory (product surface),https://www.getstructured.ai/,2026-09-04T10:30:55.982885
CLODO,ENTERPRISE,YC OSS Startup Directory (product surface),https://clodo.ai/,2026-09-04T10:30:56.001890
Brickanta,ENTERPRISE,YC OSS Startup Directory (product surface),https://www.brickanta.com/,2026-09-04T10:30:56.012246
Zavo,ENTERPRISE,YC OSS Startup Directory (product surface),https://zavopay.com/,2026-09-04T10:30:56.179121
Norra,ENTERPRISE,YC OSS Startup Directory (product surface),https://www.norra.io/,2026-09-04T10:30:56.204253
Bolna AI,ENTERPRISE,YC OSS Startup Directory (product surface),https://bolna.ai/,2026-09-04T10:30:56.265360
Hyperspell,ENTERPRISE,YC OSS Startup Directory (product surface),https://hyperspell.com/,2026-09-04T10:30:56.400297
F2,ENTERPRISE,YC OSS Startup Directory (product surface),http://f2.ai/,2026-09-04T10:30:56.418388
Locus,FREE,YC OSS Startup Directory (product surface),https://paywithlocus.com/,2026-09-04T10:30:56.494413
Soren,ENTERPRISE,YC OSS Startup Directory (product surface),https://usesoren.com/,2026-09-04T10:30:56.555376
Helonic,ENTERPRISE,YC OSS Startup Directory (product surface),https://helonic.com/,2026-09-04T10:30:57.175979
Rovr,ENTERPRISE,YC OSS Startup Directory (product surface),https://www.withrovr.com/,2026-09-04T10:30:57.180981
Redapto,ENTERPRISE,YC OSS Startup Directory (product surface),https://www.redapto.com/,2026-09-04T10:30:57.196988
Unsiloed AI,ENTERPRISE,YC OSS Startup Directory (product surface),https://www.unsiloed.ai/,2026-09-04T10:30:57.208908
Bron,FREE,YC OSS Startup Directory (product surface),https://askbron.ai/,2026-09-04T10:30:57.212923
Bravi,ENTERPRISE,YC OSS Startup Directory (product surface),https://www.bravi.app/,2026-09-04T10:30:57.227474
Clerked,ENTERPRISE,YC OSS Startup Directory (product surface),https://clerked.ai/,2026-09-04T10:30:57.223923
The Context Company,FREEMIUM,YC OSS Startup Directory (product surface),https://www.thecontextcompany.com/,2026-09-04T10:30:57.331230
Lexi,ENTERPRISE,YC OSS Startup Directory (product surface),https://getlexi.io/,2026-09-04T10:30:57.621826
LogosGuard,ENTERPRISE,YC OSS Startup Directory (product surface),https://logosguard.com/,2026-09-04T10:30:57.630735
Allus AI,ENTERPRISE,YC OSS Startup Directory (product surface),https://allus.ai/,2026-09-04T10:30:57.644982
Trelium,ENTERPRISE,YC OSS Startup Directory (product surface),https://www.trelium.com/,2026-09-04T10:30:57.905533
Patent Watch,ENTERPRISE,YC OSS Startup Directory (product surface),https://www.patentwatch.ai/,2026-09-04T10:30:57.904027
Aside,FREEMIUM,YC OSS Startup Directory (product surface),https://aside.com/pricing,2026-09-04T10:30:58.117871
Leadbay,FREEMIUM,YC OSS Startup Directory (product surface),https://leadbay.ai/,2026-09-04T10:30:58.180119
Narrative,ENTERPRISE,YC OSS Startup Directory (product surface),http://www.narrative-sports.com/,2026-09-04T10:30:58.242825
Agentic Fabriq,ENTERPRISE,YC OSS Startup Directory (product surface),https://www.agenticfabriq.com/,2026-09-04T10:30:58.614601
Relaw,PAID,YC OSS Startup Directory (product surface),https://www.relaw.ai/,2026-09-04T10:30:58.643430
Absurd,PAID,YC OSS Startup Directory (product surface),https://absurd.com/pricing,2026-09-04T10:30:58.664392
Imagine AI,ENTERPRISE,YC OSS Startup Directory (product surface),https://imagineai.me/,2026-09-04T10:30:58.677746
ComplyDo,ENTERPRISE,YC OSS Startup Directory (product surface),https://www.complydo.io/,2026-09-04T10:30:58.832965
Specific,FREE,YC OSS Startup Directory (product surface),https://specific.dev/,2026-09-04T10:30:58.834951
Lemma,ENTERPRISE,YC OSS Startup Directory (product surface),https://www.uselemma.ai/,2026-09-04T10:30:59.160563
Sourcebot,PAID,YC OSS Startup Directory (product surface),https://www.sourcebot.dev/,2026-09-04T10:30:59.133017
MadeThis,PAID,YC OSS Startup Directory (product surface),https://madethis.com/,2026-09-04T10:30:59.142016
MarkIt,ENTERPRISE,YC OSS Startup Directory (product surface),https://markittrade.com/,2026-09-04T10:30:59.464797
Perseus,PAID,YC OSS Startup Directory (product surface),https://perseus.computer/pricing,2026-09-04T10:30:59.494559
Zarna,ENTERPRISE,YC OSS Startup Directory (product surface),https://www.zarnaai.com/,2026-09-04T10:30:59.510705
Openroll,ENTERPRISE,YC OSS Startup Directory (product surface),https://www.openroll.com/,2026-09-04T10:30:59.877885
Boom AI,ENTERPRISE,YC OSS Startup Directory (product surface),https://useboom.ai/,2026-09-04T10:30:59.856384
Amika,ENTERPRISE,YC OSS Startup Directory (product surface),https://www.amika.dev/,2026-09-04T10:30:59.884875
Linzumi,FREEMIUM,YC OSS Startup Directory (product surface),https://linzumi.com/,2026-09-04T10:30:59.959360
Rapidfolio,ENTERPRISE,YC OSS Startup Directory (product surface),https://rapidfolio.com/,2026-09-04T10:30:59.981566
OneTriangle,ENTERPRISE,YC OSS Startup Directory (product surface),https://onetriangle.ai/,2026-09-04T10:31:00.032323
Q2Q,ENTERPRISE,YC OSS Startup Directory (product surface),https://www.tryq2q.com/,2026-09-04T10:31:00.132852
Moss,FREE,YC OSS Startup Directory (product surface),https://moss.dev/,2026-09-04T10:31:00.365705
Assemble,ENTERPRISE,YC OSS Startup Directory (product surface),https://www.assemble.ai/,2026-09-04T10:31:00.379422
Salus,PAID,YC OSS Startup Directory (product surface),https://www.usesalus.ai/pricing,2026-09-04T10:31:00.478920
Sitefire,ENTERPRISE,YC OSS Startup Directory (product surface),https://sitefire.ai/,2026-09-04T10:31:00.486890
Bubble Lab,ENTERPRISE,YC OSS Startup Directory (product surface),https://bubblelab.ai/,2026-09-04T10:31:00.585096
Turnstone,FREE,YC OSS Startup Directory (product surface),https://myturnstone.ai/,2026-09-04T10:31:00.827338
Ressl AI,ENTERPRISE,YC OSS Startup Directory (product surface),https://ressl.ai/,2026-09-04T10:31:00.832332
Libra Robotics,ENTERPRISE,YC OSS Startup Directory (product surface),https://www.librabots.com/,2026-09-04T10:31:00.870715
Tsenta,FREEMIUM,YC OSS Startup Directory (product surface),https://tsenta.com/,2026-09-04T10:31:00.957180
Veriad,ENTERPRISE,YC OSS Startup Directory (product surface),https://veriad.com/,2026-09-04T10:31:01.349777
InventoryQuant,FREEMIUM,YC OSS Startup Directory (product surface),https://www.inventoryquant.com/,2026-09-04T10:31:01.354795
o11,ENTERPRISE,YC OSS Startup Directory (product surface),https://o11.ai/,2026-09-04T10:31:01.369778
Superset,FREE,YC OSS Startup Directory (product surface),https://www.superset.sh/,2026-09-04T10:31:01.387204
Dream,ENTERPRISE,YC OSS Startup Directory (product surface),https://www.pingdream.com/,2026-09-04T10:31:01.428181
Litmus,ENTERPRISE,YC OSS Startup Directory (product surface),https://litmushiring.com/,2026-09-04T10:31:01.470263
Grade,ENTERPRISE,YC OSS Startup Directory (product surface),https://usegrade.com/,2026-09-04T10:31:01.781593
Userlens,FREE,YC OSS Startup Directory (product surface),https://userlens.io/,2026-09-04T10:31:01.757614
Foreman,FREEMIUM,YC OSS Startup Directory (product surface),https://foreman.co/,2026-09-04T10:31:02.093809
Poth Labs,FREEMIUM,YC OSS Startup Directory (product surface),https://pothlabs.com/,2026-09-04T10:31:02.105892
Carrot Labs,FREEMIUM,YC OSS Startup Directory (product surface),https://superpenguin.ai/,2026-09-04T10:31:02.121506
Ontora,ENTERPRISE,YC OSS Startup Directory (product surface),https://ontora.com/,2026-09-04T10:31:02.137311
Keyframe Labs,ENTERPRISE,YC OSS Startup Directory (product surface),https://keyframelabs.com/,2026-09-04T10:31:02.153320
Sidekick,ENTERPRISE,YC OSS Startup Directory (product surface),https://textsidekick.com/,2026-09-04T10:31:02.281452
Armature,ENTERPRISE,YC OSS Startup Directory (product surface),https://armature.tech/,2026-09-04T10:31:02.367172
Revnu,ENTERPRISE,YC OSS Startup Directory (product surface),https://revnu.com/,2026-09-04T10:31:02.464360
Trident,FREE,YC OSS Startup Directory (product surface),https://tridentsecurity.io/,2026-09-04T10:31:02.737822
Rindler,FREE,YC OSS Startup Directory (product surface),https://maxxwell.dev/,2026-09-04T10:31:02.938112
Egoist Machines,FREE,YC OSS Startup Directory (product surface),https://ego.ist/,2026-09-04T10:31:03.228713
Enjamb Labs,ENTERPRISE,YC OSS Startup Directory (product surface),https://www.enjamb.ai/,2026-09-04T10:31:03.269819
Belvedir,ENTERPRISE,YC OSS Startup Directory (product surface),https://belvedir.ai/,2026-09-04T10:31:03.288817
Inth,ENTERPRISE,YC OSS Startup Directory (product surface),https://inth.com/pricing,2026-09-04T10:31:03.371619
Pango,ENTERPRISE,YC OSS Startup Directory (product surface),https://pango.ai/,2026-09-04T10:31:03.496614
Speko,ENTERPRISE,YC OSS Startup Directory (product surface),https://speko.ai/?utm_source=ycombinator&utm_medium=profile,2026-09-04T10:31:04.231263
Studio,ENTERPRISE,YC OSS Startup Directory (product surface),https://trystudio.ai/,2026-09-04T10:31:04.227783
Jcode,PAID,YC OSS Startup Directory (product surface),https://jcode.sh/pricing,2026-09-04T10:31:04.521625
Hoplite,FREE,YC OSS Startup Directory (product surface),https://hoplite.sh/,2026-09-04T10:31:04.781746
Insurf,ENTERPRISE,YC OSS Startup Directory (product surface),https://www.insurf.io/,2026-09-04T10:31:05.126895
Audun,PAID,YC OSS Startup Directory (product surface),https://audun.co/,2026-09-04T10:31:05.355114
Zaplar,ENTERPRISE,YC OSS Startup Directory (product surface),https://zaplar.com/,2026-09-04T10:31:05.376070
Alloovium,ENTERPRISE,YC OSS Startup Directory (product surface),https://www.alloovium.com/en,2026-09-04T10:31:05.284708
Context.dev,FREEMIUM,YC OSS Startup Directory (product surface),https://context.dev/,2026-09-04T10:31:05.447771
Traceforce,FREEMIUM,YC OSS Startup Directory (product surface),https://www.traceforce.ai/pricing,2026-09-04T10:31:05.600614
Stratum Industries,ENTERPRISE,YC OSS Startup Directory (product surface),https://stratumindustries.co/,2026-09-04T10:31:05.619015
Rasyn,PAID,YC OSS Startup Directory (product surface),https://www.rasyn.ai/pricing,2026-09-04T10:31:05.587614
Vendo,FREEMIUM,YC OSS Startup Directory (product surface),https://vendo.run/,2026-09-04T10:31:06.301228
Almanac,PAID,YC OSS Startup Directory (product surface),https://usealmanac.com/pricing,2026-09-04T10:31:06.660855
Qlo,ENTERPRISE,YC OSS Startup Directory (product surface),https://www.getqlo.com/,2026-09-04T10:31:06.664321
Rational,ENTERPRISE,YC OSS Startup Directory (product surface),https://rational.to/,2026-09-04T10:31:06.911836
COACH,ENTERPRISE,YC OSS Startup Directory (product surface),https://www.getcoach.com/,2026-09-04T10:31:06.950764
screenpipe,PAID,YC OSS Startup Directory (product surface),https://screenpipe.com/onboarding,2026-09-04T10:31:07.229343
Agnost AI,FREEMIUM,YC OSS Startup Directory (product surface),https://agnost.ai/,2026-09-04T10:31:07.261383
Alkera AI,FREEMIUM,YC OSS Startup Directory (product surface),https://alkera.ai/pricing,2026-09-04T10:31:07.227142
Financial Datasets,ENTERPRISE,YC OSS Startup Directory (product surface),https://financialdatasets.ai/,2026-09-04T10:31:07.940244
Executor,FREEMIUM,YC OSS Startup Directory (product surface),https://executor.sh/,2026-09-04T10:31:07.946816
Palisade,ENTERPRISE,YC OSS Startup Directory (product surface),https://palisade-ai.com/,2026-09-04T10:31:07.977898
Mireye,FREEMIUM,YC OSS Startup Directory (product surface),https://www.mireye.com/,2026-09-04T10:31:07.969897
Touchy,PAID,YC OSS Startup Directory (product surface),https://touchyapp.com/,2026-09-04T10:31:08.011903
Inkbox,FREEMIUM,YC OSS Startup Directory (product surface),https://inkbox.ai/pricing,2026-09-04T10:31:08.194957
Decawork,ENTERPRISE,YC OSS Startup Directory (product surface),https://decawork.ai/,2026-09-04T10:31:08.192953
Agent FM,FREE,YC OSS Startup Directory (product surface),https://www.agentfm.ai/,2026-09-04T10:31:08.236394
PRINCEPS,ENTERPRISE,YC OSS Startup Directory (product surface),https://princeps.dev/,2026-09-04T10:31:08.343612
OneCLI,FREEMIUM,YC OSS Startup Directory (product surface),https://onecli.sh/,2026-09-04T10:31:08.400373
Allia Health,ENTERPRISE,YC OSS Startup Directory (product surface),https://allia.health/,2026-09-04T10:31:08.737235
OpenRelay,FREEMIUM,YC OSS Startup Directory (product surface),https://www.openrelay.inc/,2026-09-04T10:31:08.740234
TovenAI,ENTERPRISE,YC OSS Startup Directory (product surface),https://toven.ai/,2026-09-04T10:31:08.746337
hardware intelligence,ENTERPRISE,YC OSS Startup Directory (product surface),https://hardwareintelligence.ai/,2026-09-04T10:31:08.899650
Care GP,ENTERPRISE,YC OSS Startup Directory (product surface),https://caregp.com.au/pricing,2026-09-04T10:31:08.883639
HyperProbe,ENTERPRISE,YC OSS Startup Directory (product surface),https://hyperprobe.co/,2026-09-04T10:31:08.914654
Billow AI Labs,ENTERPRISE,YC OSS Startup Directory (product surface),https://thebillow.ai/,2026-09-04T10:31:08.762010
Experiential Labs,PAID,YC OSS Startup Directory (product surface),https://experientiallabs.ai/,2026-09-04T10:31:09.449914
Robocurve,FREE,YC OSS Startup Directory (product surface),https://robocurve.org/,2026-09-04T10:31:09.475541
CarSignal,PAID,YC OSS Startup Directory (product surface),https://www.trycarsignal.com/,2026-09-04T10:31:09.439171
OnePatch,ENTERPRISE,YC OSS Startup Directory (product surface),https://onepatch.dev/,2026-09-04T10:31:09.613883
Pennant,ENTERPRISE,YC OSS Startup Directory (product surface),https://www.getpennant.ai/,2026-09-04T10:31:09.953173
Lantern AI,ENTERPRISE,YC OSS Startup Directory (product surface),https://www.lantern.md/,2026-09-04T10:31:10.137110
OpenTag,ENTERPRISE,YC OSS Startup Directory (product surface),https://www.tryopentag.com/,2026-09-04T10:31:10.289443
